1;100 Квартал
5;10-летия Октября Улица
6;10-я Новые Сады Улица
7;10-я Парковая Улица
8;10-я Радиальная Улица
9;10-я Соколиной Горы Улица
10;10-я Чоботовская Аллея
11;110 Квартал
12;113а Волжский Бульвар Квартал
13;114а Волжский Бульвар Квартал
19;11-я Новые Сады Улица
20;11-я Парковая Улица
21;11-я Радиальная Улица
22;11-я Текстильщиков Улица
23;11-я Чоботовская Аллея
25;12-й Марьиной Рощи Проезд
29;12-я Новокузьминская Улица
30;12-я Парковая Улица
32;134а Самаркандский Бульвар Квартал
33;137а Самаркандский Бульвар Квартал
34;13-й Марьиной Рощи Проезд
37;13-я Красной Сосны Линия
38;13-я Парковая Улица
39;14-й Марьиной Рощи Проезд
42;14-я Парковая Улица
45;15-я Парковая Улица
48;16-я Парковая Улица
49;17-й Марьиной Рощи Проезд
52;1812 года Улица
56;1905 года Улица
60;1-й Автозаводский Проезд
61;1-й Амбулаторный Проезд
63;1-й Бабьегородский Переулок
64;1-й Балтийский Переулок
65;1-й Басманный Переулок
66;1-й Белокаменный Проезд
67;1-й Ботанический Проезд
68;1-й Боткинский Проезд
69;1-й Варшавский Проезд
71;1-й Вешняковский Проезд
72;1-й Войковский Проезд
73;1-й Волконский Переулок
74;1-й Волоколамский Проезд
75;1-й Вражский Переулок
76;1-й Вышеславцев Переулок
77;1-й Вязовский Проезд
78;1-й Голутвинский Переулок
79;1-й Гончарный Переулок
81;1-й Грайвороновский Проезд
82;1-й Дачно-Мещерский Проезд
83;1-й Дербеневский Переулок
84;1-й Добрынинский Переулок
85;1-й Донской Проезд
86;1-й Дорожный Проезд
87;1-й Дубровский Проезд
89;1-й Зачатьевский Переулок
90;1-й Зборовский Переулок
91;1-й Земельный Переулок
93;1-й Измайловского Зверинца Переулок
94;1-й Институтский Проезд
96;1-й Иртышский Проезд
97;1-й Кабельный Проезд
98;1-й Кадашёвский Переулок
99;1-й Казанский Просек
100;1-й Казачий Переулок
101;1-й Капотнинский Проезд
102;1-й Капотня Квартал
104;1-й Кирпичный Переулок
105;1-й Кожевнический Переулок
106;1-й Кожуховский Проезд
107;1-й Колобовский Переулок
108;1-й Коптельский Переулок
109;1-й Котельнический Переулок
110;1-й Котляковский Переулок
111;1-й Красковский Проезд
112;1-й Красногвардейский Проезд
113;1-й Красногорский Проезд
114;1-й Краснокурсантский Проезд
115;1-й Красносельский Переулок
116;1-й Крутицкий Переулок
117;1-й Курьяновский Проезд
120;1-й Лихачёвский Переулок
121;1-й Лучевой Просек
122;1-й Лыковский Проезд
123;1-й Люберецкий Проезд
124;1-й Люсиновский Переулок
125;1-й Магистральный Проезд
126;1-й Магистральный Тупик
127;1-й Марьиной Рощи Проезд
128;1-й Миргородский Переулок
129;1-й Митинский Переулок
130;1-й Можайский Тупик
131;1-й Монетчиковский Переулок
133;1-й Мосфильмовский Переулок
134;1-й Неопалимовский Переулок
136;1-й Нижний Михайловский Проезд
137;1-й Николощеповский Переулок
138;1-й Новокузнецкий Переулок
139;1-й Новомихалковский Проезд
140;1-й Новоподмосковный Переулок
142;1-й Новый Переулок
143;1-й Обыденский Переулок
144;1-й Ольховский Тупик
145;1-й Очаковский Переулок
146;1-й Павелецкий Проезд
147;1-й Павловский Переулок
149;1-й Перова Поля Проезд
150;1-й Петра Алексеева Переулок
151;1-й Пехотный Переулок
152;1-й Подбельского Проезд
159;1-й Рижский Переулок
161;1-й Рощинский Проезд
163;1-й Самотёчный Переулок
164;1-й Саратовский Проезд
165;1-й Сельскохозяйственный Проезд
166;1-й Сетуньский Проезд
167;1-й Силикатный Проезд
168;1-й Смоленский Переулок
169;1-й Спасоналивковский Переулок
170;1-й Стрелецкий Проезд
172;1-й Сыромятнический Переулок
173;1-й Тверской-Ямской Переулок
174;1-й Тихвинский Тупик
175;1-й Тружеников Переулок
176;1-й Тульский Переулок
177;1-й Тушинский Проезд
178;1-й Угрешский Проезд
179;1-й Хвостов Переулок
181;1-й Хорошёвский Проезд
182;1-й Хуторской Переулок
183;1-й Шибаевский Переулок
184;1-й Щемиловский Переулок
185;1-й Щипковский Переулок
186;1-й Электрозаводский Переулок
187;1-й Южнопортовый Проезд
190;1 Маевки Аллея
191;1-я 8 Марта Улица
192;1-я Аэропортовская Улица
193;1-я Бебеля Улица
194;1-я Белогорская Улица
195;1-я Боевская Улица
196;1-я Бородинская Улица
197;1-я Брестская Улица
198;1-я Бухвостова Улица
199;1-я Владимирская Улица
200;1-я Внуковская Улица
201;1-я Вольская Улица
202;1-я Горловская Улица
203;1-я Гражданская Улица
204;1-я Дубровская Улица
205;1-я Дьяково Городище Улица
206;1-я Железногорская Улица
207;1-я Измайловского Зверинца Улица
209;1-я Карачаровская Улица
210;1-я Карпатская Улица
211;1-я Квесисская Улица
213;1-я Курьяновская Улица
214;1-я Лазенки Улица
215;1-я Лукино Улица
216;1-я Лыковская Улица
217;1-я Магистральная Улица
218;1-я Машиностроения Улица
219;1-я Мелитопольская Улица
220;1-я Миусская Улица
221;1-я Муравская Улица
222;1-я Мытищинская Улица
223;1-я Мякининская Улица
224;1-я Мясниковская Улица
225;1-я Напрудная Улица
226;1-я Новокузьминская Улица
227;1-я Новосёлки Улица
228;1-я Новые Сады Улица
229;1-я Останкинская Улица
230;1-я Павлоградская Улица
231;1-я Парковая Улица
232;1-я Подрезковская Улица
234;1-я Прядильная Улица
235;1-я Пугачевская Улица
236;1-я Радиальная Улица
237;1-я Радиаторская Улица
238;1-я Рейсовая Улица
239;1-я Рославка Улица
240;1-я Рыбацкая Улица
241;1-я Рыбинская Улица
242;1-я Северная Линия
244;1-я Сестрорецкая Улица
245;1-я Синичкина Улица
246;1-я Сокольническая Улица
247;1-я Стекольная Улица
248;1-я Тверская-Ямская Улица
249;1-я Текстильщиков Улица
250;1-я Улица Ямского Поля
251;1-я Фрезерная Улица
252;1-я Фрунзенская Улица
253;1-я Хорошёвского Серебряного Бора Линия
254;1-я Хуторская Улица
255;1-я Чоботовская Аллея
257;1-я Ямская Улица
258;200 Квартал
269;25 Октября Улица
270;26 Бакинских Комиссаров Улица
272;Балчуг Улица
273;2-й Автозаводский Проезд
274;2-й Амбулаторный Проезд
275;2-й Бабьегородский Переулок
276;2-й Балтийский Переулок
278;2-й Богатырский Переулок
279;2-й Богучарский Переулок
280;2-й Ботанический Проезд
281;2-й Боткинский Проезд
283;2-й Варшавский Проезд
284;2-й Верхний Михайловский Проезд
285;2-й Войковский Проезд
286;2-й Волконский Переулок
287;2-й Вольный Переулок
288;2-й Вражский Переулок
289;2-й Вышеславцев Переулок
290;2-й Вязовский Проезд
291;2-й Гончарный Переулок
293;2-й Дачно-Мещерский Проезд
295;2-й Динамовский Переулок
296;2-й Добрынинский Переулок
297;2-й Донской Проезд
298;2-й Дорогобужский Переулок
300;2-й Зачатьевский Переулок
303;2-й Измайловского Зверинца Переулок
304;2-й Институтский Проезд
305;2-й Ирининский Переулок
306;2-й Иртышский Проезд
307;2-й Кабельный Проезд
308;2-й Кадашевский Переулок
310;2-й Казачий Переулок
311;2-й Капотнинский Проезд
312;2-й Карачаровский Проезд
313;2-й Кожевнический Переулок
314;2-й Кожуховский Проезд
315;2-й Колобовский Переулок
317;2-й Котельнический Переулок
318;2-й Котляковский Переулок
319;2-й Красковский Проезд
320;2-й Красногвардейский Проезд
322;2-й Краснокурсантский Проезд
323;2-й Красносельский Переулок
324;2-й Крестовский Переулок
325;2-й Крутицкий Переулок
326;2-й Курьяновский Проезд
327;2-й Лихачёвский Переулок
328;2-й Лучевой Просек
329;2-й Люберецкий Проезд
330;2-й Магистральный Тупик
331;2-й Марьиной Рощи Проезд
332;2-й Миргородский Переулок
333;2-й Митинский Переулок
334;2-й Монетчиковский Переулок
336;2-й Мосфильмовский Переулок
337;2-й Нагатинский Проезд
338;2-й Неопалимовский Переулок
340;2-й Николощеповский Переулок
341;2-й Новокузнецкий Переулок
342;2-й Новоподмосковный Переулок
343;2-й Новый Переулок
344;2-й Обыденский Переулок
345;2-й Очаковский Переулок
346;2-й Павелецкий Проезд
347;2-й Павловский Переулок
348;2-й Пенягинский Проезд
349;2-й Перова Поля Проезд
350;2-й Петра Алексеева Переулок
352;2-й Полевой Переулок
356;2-й Пятигорский Проезд
357;2-й Раушский Переулок
359;2-й Ростовский Переулок
360;2-й Рощинский Проезд
361;2-й Самотёчный Переулок
362;2-й Саратовский Проезд
363;2-й Сельскохозяйственный Проезд
364;2-й Сетуньский Проезд
365;2-й Силикатный Проезд
366;2-й Смоленский Переулок
367;2-й Спасоналивковский Переулок
368;2-й Стрелецкий Проезд
369;2-й Сыромятнический Переулок
370;2-й Тверской-Ямской Переулок
371;2-й Троицкий Переулок
372;2-й Тружеников Переулок
373;2-й Тульский Переулок
374;2-й Тушинский Проезд
375;2-й Угрешский Проезд
376;2-й Хвостов Переулок
378;2-й Хорошёвский Проезд
379;2-й Хуторской Переулок
381;2-й Щемиловский Переулок
382;2-й Щипковский Переулок
384;2-й Южнопортовый Проезд
387;2-я Бауманская Улица
388;2-я Бебеля Улица
389;2-я Белогорская Улица
390;2-я Боевская Улица
391;2-я Бородинская Улица
392;2-я Брестская Улица
393;2-я Бухвостова Улица
394;2-я Владимирская Улица
395;2-я Внуковская Улица
396;2-я Вольская Улица
397;2-я Горловская Улица
398;2-я Гражданская Улица
399;2-я Дубровская Улица
400;2-я Дьяково Городище Улица
401;2-я Железногорская Улица
402;2-я Звенигородская Улица
403;2-я Измайловского Зверинца Улица
404;2-я Институтская Улица
405;2-я Кабельная Улица
406;2-я Карачаровская Улица
407;2-я Карпатская Улица
409;2-я Курьяновская Улица
410;2-я Лазенки Улица
411;2-я Леснорядская Улица
412;2-я Лукино Улица
413;2-я Магистральная Улица
414;2-я Марьиной Рощи Улица
415;2-я Машиностроения Улица
416;2-я Мелитопольская Улица
417;2-я Миусская Улица
418;2-я Муравская Улица
419;2-я Мытищинская Улица
420;2-я Мякининская Улица
421;2-я Мясниковская Улица
422;2-я Напрудная Улица
424;2-я Новоостанкинская Улица
425;2-я Новорублевская Улица
426;2-я Новосёлки Улица
427;2-я Новые Сады Улица
428;2-я Останкинская Улица
429;2-я Павлоградская Улица
430;2-я Парковая Улица
431;2-я Песчаная Улица
432;2-я Подрезковская Улица
433;2-я Покровская Улица
434;2-я Прогонная Улица
435;2-я Прядильная Улица
436;2-я Пугачевская Улица
438;2-я Радиаторская Улица
439;2-я Рейсовая Улица
440;2-я Рославка Улица
441;2-я Рощинская Улица
442;2-я Рыбинская Улица
443;2-я Самаринская Улица
444;2-я Северная Линия
446;2-я Сестрорецкая Улица
447;2-я Синичкина Улица
448;2-я Сокольническая Улица
449;2-я Тверская-Ямская Улица
450;2-я Филевская Улица
451;2-я Фрезерная Улица
452;2-я Фрунзенская Улица
454;2-я Хорошёвского Серебряного Бора Линия
455;2-я Чоботовская Аллея
456;2-я Энтузиастов Улица
457;2-я Ямская Улица
461;326-й Проезд
470;3 Интернационала Улица
471;3-й Автозаводский Проезд
472;3-й Балтийский Переулок
475;3-й Волоколамский Проезд
477;3-й Голутвинский Переулок
478;3-й Дачно-Мещерский Проезд
480;3-й Добрынинский Переулок
481;3-й Донской Проезд
482;3-й Дорогобужский Переулок
483;3-й Дорожный Проезд
485;3-й Зачатьевский Переулок
487;3-й Кадашевский Переулок
488;3-й Капотня Квартал
490;3-й Кожуховский Проезд
491;3-й Колобовский Переулок
492;3-й Котельнический Переулок
493;3-й Красногорский Проезд
494;3-й Красносельский Переулок
495;3-й Крутицкий Переулок
496;3-й Лесной Переулок
497;3-й Лихачёвский Переулок
498;3-й Лучевой Просек
499;3-й Люберецкий Проезд
500;3-й Люсиновский Переулок
501;3-й Митинский Переулок
502;3-й Михалковский Переулок
503;3-й Монетчиковский Переулок
506;3-й Неопалимовский Переулок
507;3-й Нижнелихоборский Проезд
508;3-й Новомихалковский Проезд
509;3-й Новоподмосковный Переулок
510;3-й Новый Переулок
511;3-й Обыденский Переулок
513;3-й Очаковский Переулок
514;3-й Павелецкий Проезд
515;3-й Павловский Переулок
516;3-й Перова Поля Проезд
517;3-й Подбельского Проезд
521;3-й Самотёчный Переулок
522;3-й Сетуньский Проезд
523;3-й Силикатный Проезд
525;3-й Стрелецкий Проезд
526;3-й Сыромятнический Переулок
528;3-й Тушинский Проезд
529;3-й Угрешский Проезд
531;3-й Хорошёвский Проезд
535;3-я Бебеля Улица
536;3-я Богатырская Улица
537;3-я Бухвостова Улица
538;3-я Владимирская Улица
539;3-я Внуковская Улица
540;3-я Гражданская Улица
541;3-я Железногорская Улица
542;3-я Институтская Улица
543;3-я Кабельная Улица
544;3-я Карачаровская Улица
545;3-я Красногвардейская Улица
546;3-я Курьяновская Улица
547;3-я Лазенки Улица
549;3-я Магистральная Улица
550;3-я Марьиной Рощи Улица
551;3-я Музейная Улица
552;3-я Мытищинская Улица
553;3-я Мякининская Улица
556;3-я Новоостанкинская Улица
557;3-я Новосёлки Улица
558;3-я Новые Сады Улица
559;3-я Павлоградская Улица
560;3-я Песчаная Улица
561;3-я Подрезковская Улица
562;3-я Прядильная Улица
563;3-я Радиальная Улица
564;3-я Радиаторская Улица
565;3-я Рощинская Улица
566;3-я Рыбинская Улица
567;3-я Северная Линия
568;3-я Сестрорецкая Улица
569;3-я Соколиной Горы Улица
570;3-я Сокольническая Улица
571;3-я Тверская-Ямская Улица
572;3-я Улица Ямского Поля
573;3-я Филевская Улица
574;3-я Фрунзенская Улица
575;3-я Хорошёвская Улица
576;3-я Хорошёвского Серебряного Бора Линия
577;3-я Черкизовская Улица
578;3-я Чоботовская Аллея
580;40 лет Октября Проспект
595;4-й Верхний Михайловский Проезд
596;4-й Вешняковский Проезд
597;4-й Войковский Проезд
598;4-й Вятский Переулок
599;4-й Голутвинский Переулок
600;4-й Дачно-Мещерский Проезд
601;4-й Добрынинский Переулок
604;4-й Загородный Проезд
606;4-й Капотня Квартал
607;4-й Кожевнический Переулок
608;4-й Котельнический Переулок
609;4-й Красногорский Проезд
610;4-й Красносельский Переулок
611;4-й Крутицкий Переулок
612;4-й Лесной Переулок
613;4-й Лихачёвский Переулок
614;4-й Лучевой Просек
615;4-й Люберецкий Проезд
616;4-й Марьиной Рощи Проезд
617;4-й Монетчиковский Переулок
618;4-й Новомихалковский Проезд
619;4-й Новоподмосковный Переулок
620;4-й Очаковский Переулок
621;4-й Перова Поля Проезд
622;4-й Подбельского Проезд
624;4-й Ростовский Переулок
625;4-й Рощинский Проезд
626;4-й Самотёчный Переулок
627;4-й Сетуньский Проезд
628;4-й Стрелецкий Проезд
629;4-й Сыромятнический Переулок
631;4-й Хуторской Переулок
635;4-я 8 Марта Улица
637;4-я Внуковская Улица
638;4-я Гражданская Улица
639;4-я Железногорская Улица
640;4-я Кабельная Улица
641;4-я Курьяновская Улица
642;4-я Лазенки Улица
643;4-я Магистральная Улица
644;4-я Марьиной Рощи Улица
645;4-я Мякининская Улица
647;4-я Новокузьминская Улица
648;4-я Новосёлки Улица
649;4-я Новые Сады Улица
650;4-я Павлоградская Улица
651;4-я Парковая Улица
652;4-я Северная Линия
653;4-я Сокольническая Улица
654;4-я Тверская-Ямская Улица
655;4-я Хорошёвского Серебряного Бора Линия
656;4-я Чоботовская Аллея
658;50-летия Октября Площадь
659;50 лет Октября Улица
664;5-й Верхний Михайловский Проезд
665;5-й Войковский Проезд
666;5-й Дачно-Мещерский Проезд
667;5-й Донской Проезд
669;5-й Капотня Квартал
670;5-й Котельнический Переулок
671;5-й Красносельский Переулок
672;5-й Лучевой Просек
673;5-й Марьиной Рощи Проезд
674;5-й Монетчиковский Переулок
676;5-й Новоподмосковный Переулок
677;5-й Останкинский Переулок
678;5-й Очаковский Переулок
679;5-й Подбельского Проезд
681;5-й Рощинский Проезд
685;5-я Внуковская Улица
686;5-я Железногорская Улица
687;5-я Кабельная Улица
688;5-я Кожуховская Улица
690;5-я Лазенки Улица
691;5-я Магистральная Улица
692;5-я Мякининская Улица
693;5-я Новые Сады Улица
694;5-я Парковая Улица
695;5-я Радиальная Улица
696;5-я Северная Линия
697;5-я Сокольническая Улица
698;5-я Улица Ямского Поля
699;5-я Чоботовская Аллея
701;60-летия Октября Проспект
704;6-й Дачно-Мещерский Проезд
705;6-й Загородный Проезд
706;6-й Красносельский Переулок
707;6-й Лучевой Просек
710;6-й Монетчиковский Переулок
712;6-й Новоподмосковный Переулок
714;6-й Подбельского Проезд
716;6-й Ростовский Переулок
717;6-й Рощинский Проезд
720;6-я Железногорская Улица
721;6-я Кожуховская Улица
722;6-я Лазенки Улица
723;6-я Мякининская Улица
724;6-я Новые Сады Улица
725;6-я Парковая Улица
726;6-я Радиальная Улица
727;6-я Северная Линия
728;6-я Чоботовская Аллея
729;7-й Марьиной Рощи Проезд
732;7-й Ростовский Переулок
735;7-я Кожуховская Улица
736;7-я Лазенки Улица
737;7-я Новые Сады Улица
738;7-я Парковая Улица
739;7-я Северная Линия
740;7-я Текстильщиков Улица
741;7-я Чоботовская Аллея
742;800-летия Москвы Улица
744;8-й Марьиной Рощи Проезд
745;8-й Новоподмосковный Переулок
749;8 Марта Улица
750;8 Марта Улица
752;8-я Новые Сады Улица
753;8-я Парковая Улица
754;8-я Радиальная Улица
755;8-я Северная Линия
756;8-я Соколиной Горы Улица
757;8-я Текстильщиков Улица
758;8-я Чоботовская Аллея
759;90а Грайвороново Квартал
760;95-й Волжский Бульвар Квартал
761;9-й Марьиной Рощи Проезд
765;9 Мая Улица
766;9 Рота Улица
767;9-я Новые Сады Улица
768;9-я Парковая Улица
769;9-я Радиальная Улица
770;9-я Северная Линия
771;9-я Соколиной Горы Улица
772;9-я Чоботовская Аллея
774;Абельмановская Улица
776;Абрамцевская Улица
777;Абрикосовский Переулок
778;Авангардная Улица
779;Авиаконструктора Микояна Улица
780;Авиаконструктора Миля Улица
782;Авиаконструктора Сухого Улица
784;Авиамоторная Улица
786;Авиаторов Улица
787;Авиационная Улица
788;Авиационный Переулок
791;Автозаводская Улица
792;Автомобильный Проезд
793;Автомоторная Улица
794;Адама Мицкевича Улица
798;Адмирала Лазарева Улица
799;Адмирала Макарова Улица
800;Адмирала Руднева Улица
801;Адмирала Ушакова Бульвар
802;Азовская Улица
803;Айвазовского Улица
806;Академика Анохина Улица
807;Академика Арцимовича Улица
808;Академика Бакулева Улица
811;Академика Бочвара Улица
812;Академика Варги Улица
813;Академика Векшинского Улица
814;Академика Виноградова Улица
817;Академика Глушко Улица
819;Академика Зелинского Улица
821;Академика Ильюшина Улица
822;Академика Капицы Улица
824;Академика Комарова Улица
825;Академика Королева Улица
826;Академика Курчатова Площадь
827;Академика Курчатова Улица
829;Академика Ландау Бульвар
833;Академика Миллионщикова Улица
834;Академика Несмеянова Улица
835;Академика Опарина Улица
836;Академика Павлова Улица
838;Академика Петровского Улица
839;Академика Пилюгина Улица
841;Академика Понтрягина Улица
844;Академика Сахарова Проспект
846;Академика Семенова Улица
847;Академика Скрябина Улица
849;Академика Туполева Набережная
851;Академика Хохлова Улица
853;Академика Челомея Улица
854;Академика Янгеля Улица
855;Академическая Б. Улица
857;Аксакова Переулок
858;Алабяна Улица
861;Александра Лукьянова Улица
863;Александра Невского Улица
864;Александра Солженицына Улица
866;Алексея Дикого Улица
867;Алексея Свиридова Улица
868;Алексея Толстого Улица
869;Алексинская Улица
870;Алешинская Долина Улица
872;Алма-Атинская Улица
873;Алтайская Улица
874;Алтуфьевское Шоссе
875;Алымова Улица
876;Алымов Переулок
877;Алябьева Улица
880;Аминьевское (Раменки) Шоссе
881;Аминьевское Шоссе
882;Амундсена Улица
883;Амурская Улица
885;Анадырский Проезд
886;Ананьевский Переулок
887;Анатолия Живова Улица
888;Ангарская Улица
889;Ангелов Переулок
891;Андреево-Забелинская Улица
892;Андреевская Набережная
895;Андроновское Шоссе
896;Андроньевская Б. Улица
897;Андроньевская М. Улица
899;Андроньевская Площадь
900;Андроньевский Проезд
901;Андропова Проспект
902;Анненская Улица
903;Анненский Проезд
906;Анны Северьяновой Улица
907;Аносова Улица
909;Антонова-Овсеенко Улица
911;Апакова Проезд
912;Аптекарский Переулок
913;Арбатецкая Улица
914;Арбатская Площадь
917;Арбат Улица
920;Аргуновская Улица
921;Аристарховский Переулок
922;Аркадия Гайдара Переулок
923;Армавирская Улица
925;Армянский Переулок
926;Арсюкова Улица
927;Артамонова Улица
928;Артековская Улица
930;Артюхиной Улица
932;Архангельский Переулок
933;Архипова Улица
935;Архитектора Власова Улица
943;Архитектора Щусева Улица
944;Асеева Улица
945;Астаховский Переулок
946;Астрадамская Улица
947;Астрадамский Проезд
948;Астраханский Переулок
949;Атарбекова Улица
951;Афанасьевский Б. Переулок
952;Афанасьевский М. Переулок
953;Ащеулов Переулок
954;Аэродромная Улица
955;Аэропорта 3-й Проезд
956;Аэрофлотская Улица
957;Бабаевская Улица
958;Багратионовский Проезд
959;Багрицкого Улица
960;Баженова Улица
961;Бажова Улица
962;Базовая Улица
963;Базовская Улица
964;Байдукова Улица
965;Байкальская Улица
967;Бакинская Улица
968;Бакунинская Улица
969;Балакиревский Переулок
970;Балаклавский Проспект
971;Балканский Б. Переулок
972;Балтийская Улица
974;Банный Переулок
975;Банный Проезд
976;Барабанный Переулок
977;Барашевский Переулок
978;Барболина Улица
979;Барвихинская Улица
980;Бардина Улица
981;Барклая Улица
982;Баррикадная Улица
983;Бартеневская Улица
984;Бархатный Переулок
985;Барыковский Переулок
986;Барышиха Улица
987;Басманная Нов. Улица
988;Басманная Стар. Улица
989;Басманный Переулок
990;Басманный Тупик
991;Басовская Улица
993;Батайский Проезд
994;Батюнинская Улица
995;Батюнинский Проезд
997;Бауманская Улица
998;Бахрушина Улица
999;Башиловка Нов. Улица
1000;Башиловская Улица
1001;Бегичева Улица
1002;Беговая Аллея
1003;Беговая Улица
1004;Беговой Проезд
1005;Безбожный Переулок
1009;Белинского Улица
1010;Беловежская Улица
1011;Белозерская Улица
1012;Белокаменная Станция
1013;Белокаменное Шоссе
1014;Беломорская Улица
1015;Белореченская Улица
1016;Белорусского Вокзала Площадь
1018;Белякова Улица
1019;Береговая Улица
1020;Береговой Проезд
1021;Бережковская Набережная
1022;Березовая Аллея
1023;Березовой Рощи Проезд
1024;Берзарина Улица
1026;Берингов Проезд
1027;Берников Переулок
1028;Берниковская Набережная
1029;Берсеневская Набережная
1030;Берсеневский Переулок
1031;Бесединское Шоссе
1032;Бескудниковский Бульвар
1033;Бескудниковский Переулок
1034;Бескудниковский Проезд
1035;Бестужевых Улица
1036;Бехтерева Улица
1037;Бибиревская Улица
1038;Библиотечная Улица
1039;Библиотечный Проезд
1041;Биржевая Площадь
1042;Бирюлевская Улица
1043;Бирюсинка Улица
1046;Благовещенский Переулок
1047;Благуша Улица
1048;Бобров Переулок
1049;Бобруйская Улица
1051;Богатырский Мост Улица
1052;Богдана Хмельницкого Улица
1053;Богданова Улица
1054;Богородский Вал Улица
1055;Богородское Шоссе
1056;Богословский Переулок
1057;Богоявленский Переулок
1058;Богучарская Улица
1059;Богучарский 1-й Переулок
1060;Боенский Проезд
1062;Боженко Улица
1063;Бойня Станция
1064;Бойцовая Улица
1066;Болотная Набережная
1067;Болотная Площадь
1068;Болотная Улица
1069;Болотниковская Улица
1070;Больничный Переулок
1071;Большая Бронная Улица
1072;Большая Бутовская Улица
1073;Большая Грузинская Улица
1074;Большая Декабрьская Улица
1075;Большая Дорогомиловская Улица
1076;Большая Екатерининская Улица
1077;Большая Калитниковская Улица
1078;Большая Косинская Улица
1079;Большая Лубянка Улица
1080;Большая Марфинская Улица
1081;Большая Марьинская Улица
1082;Большая Молчановка Улица
1083;Большая Набережная Улица
1084;Большая Никитская Улица
1085;Большая Новодмитровская Улица
1086;Большая Оленья Улица
1087;Большая Ордынка Улица
1088;Большая Остроумовская Улица
1089;Большая Очаковская Улица
1090;Большая Переяславская Улица
1091;Большая Пионерская Улица
1092;Большая Пироговская Улица
1093;Большая Полянка Улица
1094;Большая Почтовая Улица
1095;Большая Садовая Улица
1096;Большая Семёновская Улица
1097;Большая Серпуховская Улица
1098;Большая Спасская Улица
1099;Большая Сухаревская Площадь
1100;Большая Татарская Улица
1101;Большая Тихоновская Улица
1102;Большая Тульская Улица
1103;Большая Улица
1104;Большая Филёвская Улица
1105;Большая Черёмушкинская Улица
1106;Большая Ширяевская Улица
1107;Большая Юшуньская Улица
1108;Большая Якиманка Улица
1109;Большевистская Улица
1110;Большевистский Переулок
1111;Большие Каменщики Улица
1112;Большого Круга Аллея
1113;Большой Ватин Переулок
1114;Большой Власьевский Переулок
1115;Большой Волоколамский Проезд
1116;Большой Гнездниковский Переулок
1117;Большой Головин Переулок
1118;Большой Девятинский Переулок
1119;Большой Демидовский Переулок
1120;Большой Дровяной Переулок
1121;Большой Златоустинский Переулок
1122;Большой Знаменский Переулок
1123;Большой Калитниковский Проезд
1124;Большой Каретный Переулок
1125;Большой Кисельный Переулок
1126;Большой Кисловский Переулок
1127;Большой Козловский Переулок
1128;Большой Кондратьевский Переулок
1129;Большой Конюшковский Переулок
1130;Большой Коптевский Проезд
1131;Большой Краснопрудный Тупик
1132;Большой Купавенский Проезд
1133;Большой Лёвшинский Переулок
1134;Большой Матросский Переулок
1135;Большой Могильцевский Переулок
1136;Большой Николоворобинский Переулок
1137;Большой Николопесковский Переулок
1138;Большой Овчинниковский Переулок
1139;Большой Ордынский Переулок
1140;Большой Палашёвский Переулок
1141;Большой Полуярославский Переулок
1142;Большой Путинковский Переулок
1143;Большой Ржевский Переулок
1144;Большой Рогожский Переулок
1145;Большой Саввинский Переулок
1146;Большой Сергиевский Переулок
1147;Большой Симоновский Переулок
1148;Большой Староданиловский Переулок
1149;Большой Строченовский Переулок
1150;Большой Сухаревский Переулок
1151;Большой Татарский Переулок
1152;Большой Тишинский Переулок
1153;Большой Толмачёвский Переулок
1154;Большой Трёхгорный Переулок
1155;Большой Трёхсвятительский Переулок
1156;Большой Факельный Переулок
1157;Большой Харитоньевский Переулок
1158;Большой Черкасский Переулок
1159;Большой Чудов Переулок
1160;Бориса Галушкина Улица
1161;Бориса Жигуленкова Улица
1164;Борисовская Улица
1165;Борисовские Пруды Улица
1166;Борисовский Проезд
1168;Борисоглебский Переулок
1169;Боровая Улица
1171;Боровский Проезд
1172;Боровское шоссе 28-й (п Внуковское) Километр
1173;Боровское шоссе 29-й (п Внуковское) Километр
1174;Боровское Шоссе
1175;Борьбы Площадь
1176;Ботаническая М. Улица
1177;Ботаническая Улица
1178;Ботанический Переулок
1179;Бочкова Улица
1180;Боярский Переулок
1182;Братеевская Улица
1183;Братиславская Улица
1184;Братская Улица
1186;Братьев Весниных Бульвар
1188;Братьев Фонченко Улица
1189;Бригадирский Переулок
1190;Бродников Переулок
1191;Бронная М. Улица
1192;Бронницкая Улица
1193;Бронницкий Переулок
1194;Брошевский Переулок
1195;Брусилова Улица
1196;Брюллова Улица
1197;Брюсов Переулок
1198;Брянская Улица
1200;Брянский Пост Улица
1201;Будайская Улица
1202;Будайский Проезд
1203;Буденного Проспект
1204;Буженинова Улица
1206;Булатниковская Улица
1207;Булатниковский Проезд
1210;Бумажный Проезд
1212;Бунинская Аллея Улица
1213;Буракова Улица
1214;Бурденко Улица
1215;Бурцевская Улица
1216;Бусиновская Горка Улица
1218;Бутиковский Переулок
1219;Бутлерова Улица
1220;Бутовская Улица
1221;Бутырская Улица
1222;Бутырский Вал Улица
1223;Вавилова Улица
1224;Вагоноремонтная Улица
1225;Вадковский Переулок
1227;Валдайский Проезд
1229;Валовая Улица
1230;Вальтера Ульбрихта Улица
1231;Варваринская Улица
1232;Варварка Улица
1235;Варсонофьевский Переулок
1236;Варшавское шоссе 28-й км (п Воскресенско Километр
1237;Варшавское Шоссе
1238;Василисы Кожиной Улица
1239;Василия Ботылева Улица
1240;Василия Петушкова Улица
1241;Васильевская Улица
1243;Васильцовский Переулок
1244;Васильцовский Стан Улица
1245;Васнецова Переулок
1246;Ватутина Улица
1250;Введенского Улица
1251;Ввц Территория
1252;Ведерников Переулок
1253;Веерная Улица
1254;Вековая Улица
1255;Велозаводская Улица
1256;Вельяминовская Улица
1257;Веневская Улица
1258;Венецианова Улица
1260;Вербная Улица
1261;Верейская Улица
1262;Вересаева Улица
1263;Вересковая Улица
1264;Верещагина Улица
1265;Верземнека Улица
1266;Вернадского Проспект
1267;Вернисажная Улица
1268;Вертолетчиков Улица
1269;Верхнелихоборская Улица
1270;Верхние Поля Улица
1272;Верхний Золоторожский Переулок
1274;Верхний Предтеченский Переулок
1275;Верхний Сусальный Переулок
1276;Верхняя Аллея
1277;Верхняя Красносельская Улица
1278;Верхняя Масловка Улица
1279;Верхняя Первомайская Улица
1280;Верхняя Радищевская Улица
1281;Верхняя Сыромятническая Улица
1282;Верхняя Улица
1283;Верхняя Хохловка Улица
1284;Верхоянская Улица
1286;Веселая Улица
1287;Весенняя Улица
1288;Весковский Переулок
1289;Весковский Тупик
1290;Веснина Улица
1293;Веткина Улица
1295;Ветлужская Улица
1296;Ветошный Переулок
1297;Вешних Вод Улица
1298;Вешняковская Улица
1299;Взлетная Улица
1300;Викторенко Улица
1302;Вилиса Лациса Улица
1303;Вильгельма Пика Улица
1304;Вильнюсская Улица
1305;Вилюйская Улица
1306;Винницкая Улица
1307;Винокурова Улица
1308;Винтовая Улица
1309;Витебская Улица
1310;Витте Аллея
1311;Вишневая Улица
1313;Вишняковский Переулок
1314;Владимирова Проезд
1316;Власьевский М. Переулок
1317;Внуково Аэропорт Территория
1319;Внуковская Б. Улица
1320;Внуковское 1-й километр Шоссе
1321;Внуковское шоссе 5-й (п Внуковское) Километр
1322;Внуковское Шоссе
1323;Внутренний Проезд
1324;Водников Улица
1325;Водопроводный Переулок
1326;Водопьянова Улица
1327;Воеводина Переулок
1329;Воздвиженка Улица
1331;Вознесенский Переулок
1334;Войкова Улица
1335;Войтовича Улица
1336;Вокзальная Площадь
1338;Вокзальная Улица
1340;Вокзальный Переулок
1341;Волгоградский Проспект
1344;Волжский Бульвар
1346;Волков Переулок
1347;Воловья Улица
1349;Володарского Улица
1350;Волоколамский Проезд
1351;Волоколамское Шоссе
1352;Волоцкой Переулок
1353;Волочаевская Улица
1354;Волховский Переулок
1355;Волхонка Улица
1356;Волынская Улица
1357;Вольная Улица
1358;Вольный Переулок
1359;Воробьевская Набережная
1360;Воробьёвское Аллея
1363;Воровского Улица
1364;Воронежская Улица
1365;Воронцово Поле Улица
1366;Воронцовская Улица
1367;Воронцовские Пруды Улица
1368;Воронцовский Парк Территория
1369;Воронцовский Переулок
1370;Воротниковский Переулок
1371;Воротынская Улица
1372;Ворошиловский Парк Территория
1373;Воскресенская Улица
1374;Воскресенские Ворота Проезд
1375;Восточная Улица
1376;Вострухина Улица
1377;Востряковский Проезд
1378;Востряковское Шоссе
1379;Врачебный Проезд
1380;Врубеля Улица
1381;Всеволода Вишневского Улица
1382;Всеволожский Переулок
1384;Вспольный Переулок
1385;Вузовский М. Переулок
1386;Вучетича Улица
1387;Выборгская Улица
1388;Выползов Переулок
1389;Высокая Улица
1390;Высоковольтный Проезд
1391;Высотный Проезд
1392;Высоцкого Улица
1395;Вяземская Улица
1397;Вятская Улица
1398;Габричевского Улица
1399;Гаврикова Улица
1400;Гавриков М. Переулок
1402;Гагарина Улица
1403;Гагаринский Переулок
1404;Газгольдерная Улица
1405;Газетный Переулок
1407;Газопровод Улица
1408;Гамалеи Улица
1409;Гамсоновский Переулок
1410;Ганецкого Площадь
1411;Ганнушкина Набережная
1412;Гаражная Улица
1413;Гарднеровский Переулок
1414;Гарибальди Улица
1415;Гастелло Улица
1416;Гатчинская Улица
1417;Гашека Улица
1418;Гвардейская Улица
1420;Гвоздева Улица
1421;Генерала Антонова Улица
1423;Генерала Белобородова Улица
1424;Генерала Белова Улица
1425;Генерала Глаголева Улица
1427;Генерала Дорохова Проспект
1428;Генерала Дорохова Улица
1429;Генерала Ермолова Улица
1432;Генерала Карбышева Бульвар
1434;Генерала Кузнецова Улица
1437;Генерала Рычагова Улица
1440;Генерала Тюленева Улица
1442;Георгиевский Переулок
1443;Герасима Курина Улица
1444;Героев Панфиловцев Улица
1447;Гжатская Улица
1448;Гжельский Переулок
1449;Гиляровского Улица
1452;Главмосстроя Улица
1453;Главная Аллея
1454;Главная Улица
1455;Глазовский Переулок
1456;Глебовская Улица
1458;Глинистый Переулок
1459;Глинищевский Переулок
1460;Глубокий Переулок
1462;Гнездниковский М. Переулок
1463;Говорова Улица
1465;Гоголевский Бульвар
1466;Годовикова Улица
1467;Голиковский Переулок
1468;Головановский Переулок
1469;Головачева Улица
1470;Головин М. Переулок
1472;Головинское Шоссе
1473;Голубинская Улица
1474;Гольяновская Улица
1475;Гольяновский Проезд
1476;Гончарная Набережная
1477;Гончарный Проезд
1478;Гончарова Улица
1479;Горбунова Улица
1480;Горловский Проезд
1481;Горлов Тупик
1482;Городецкая Улица
1483;Городок им. Баумана Территория
1484;Городская Улица
1486;Гороховский Переулок
1487;Горчакова Улица
1488;Горького Переулок
1490;Госпитальная Набережная
1491;Госпитальная Площадь
1492;Госпитальная Улица
1493;Госпитальный Вал Улица
1494;Госпитальный Переулок
1495;Гостиничная Улица
1496;Гостиничный Проезд
1497;Готвальда Улица
1499;Грайвороновская Улица
1500;Грайвороновский 2-й Проезд
1501;Гранатный Переулок
1502;Грановского Улица
1504;Графский Переулок
1505;Грекова Улица
1506;Грибоедова Улица
1508;Гризодубовой Улица
1509;Гримау Улица
1510;Грина Улица
1511;Гришина Улица
1512;Гродненская Улица
1513;Громова Улица
1514;Грохольский Переулок
1515;Грузинская М. Улица
1517;Грузинский Вал Улица
1518;Грузинский Переулок
1519;Губкина Улица
1521;Гурьевский Проезд
1522;Гурьянова Улица
1524;Давыдковская Улица
1525;Давыдовский Переулок
1526;Даев Переулок
1527;Дальний Переулок
1528;Дальняя Улица
1529;Даниловская Набережная
1531;Даниловский Вал Улица
1533;Дачная Улица
1534;Дашков Переулок
1536;Двинцев Улица
1537;Дворникова Улица
1542;Девичьего Поля Проезд
1543;Девяткин Переулок
1544;Дегтярный Переулок
1545;Дегунинская Улица
1546;Дегунинский Проезд
1547;Дежнева Проезд
1548;Декабристов Улица
1549;Делегатская Улица
1550;Деловая Улица
1551;Демидовский М. Переулок
1552;Демьяна Бедного Улица
1553;Дениса Давыдова Улица
1554;Денисовский Переулок
1555;Деповская Улица
1557;Депо Платформа
1558;Дербеневская Набережная
1559;Дербеневская Улица
1561;Десантная Улица
1563;Детская Улица
1564;Джавахарлала Неру Площадь
1565;Джамгаровская Улица
1566;Джанкойский Проезд
1567;Дзержинского Площадь
1569;Дивизионная Улица
1570;Динамовская Улица
1571;Дмитриевского Улица
1572;Дмитрия Донского Бульвар
1577;Дмитрия Ульянова Улица
1578;Дмитровка Б. Улица
1579;Дмитровка М. Улица
1580;Дмитровский Переулок
1581;Дмитровский Проезд
1582;Дмитровское Шоссе
1583;Днепропетровская Улица
1584;Днепропетровский Проезд
1585;Добровольческая Улица
1587;Добролюбова Переулок
1588;Добролюбова Проезд
1589;Добролюбова Улица
1590;Доброслободская Улица
1591;Добрынинская Площадь
1592;Добрынинская Улица
1593;Доватора Улица
1594;Довженко Улица
1596;Докукина Улица
1597;Докучаев Переулок
1598;Долгова Улица
1599;Долгопрудная Аллея
1600;Долгопрудная Улица
1601;Долгопрудненское Шоссе
1602;Долгоруковская Улица
1603;Дольская Улица
1604;Домодедовская Улица
1605;Домостроительная Улица
1606;Донбасская Улица
1607;Донелайтиса Проезд
1608;Донецкая Улица
1609;Донская Площадь
1610;Донская Улица
1612;Дорогобужская Улица
1614;Дорогомиловская М. Улица
1615;Дорожная Улица
1618;Достоевского Переулок
1619;Достоевского Улица
1620;Досфлота Проезд
1621;Дохтуровский Переулок
1622;Дроболитейный Переулок
1623;Дровяной М. Переулок
1624;Дружбы Улица
1625;Дружинниковская Улица
1626;Дубининская Улица
1627;Дубки Улица
1628;Дубнинская Улица
1629;Дубнинский Проезд
1630;Дубовой Рощи Проезд
1631;Дубовой Рощи Улица
1632;Дубосековская Улица
1633;Дубравная Улица
1634;Дубровский Проезд
1635;Дуговая Улица
1636;Дудинка Улица
1637;Дунаевского Улица
1639;Дурасовский Переулок
1640;Дурновский Переулок
1641;Дурова Улица
1642;Духовской Переулок
1643;Душинская Улица
1644;Дыбенко Улица
1647;Европы Площадь
1649;Егерская Улица
1650;Егора Абакумова Улица
1651;Егорьевская Улица
1652;Егорьевский Проезд
1653;Еготьевский Тупик
1655;Ейская Улица
1657;Екатерининский Привал (п Десеновское) Улица
1660;Екатерины Будановой Улица
1662;Еланского Улица
1663;Елецкая Улица
1664;Елизаветинский Переулок
1665;Елизаровой Улица
1667;Елоховский Проезд
1668;Ельнинская Улица
1669;Енисейская Улица
1670;Ереванская Улица
1671;Ермакова Роща Улица
1672;Ермолаевский Переулок
1673;Еропкинский Переулок
1674;Есенинский Бульвар
1675;Ефремова Улица
1676;Жданова Улица
1677;Жебрунова Улица
1678;Железногорский Проезд
1680;Железнодорожный Проезд
1681;Жемчуговой Аллея
1682;Живарев Переулок
1683;Живописная Улица
1684;Жигулевская Улица
1686;Житная Улица
1689;Жуков Проезд
1690;Жуковского Улица
1691;Жулебинская Улица
1692;Жулебинский Аллея
1693;Жулебинский Проезд
1694;Журавлева Площадь
1695;Журавлев Нижн. Переулок
1696;Забелина Улица
1697;Заболотье Деревня
1699;Заваруевский Переулок
1700;Заветная Улица
1701;Завода Серп и Молот Проезд
1702;Заводское Шоссе
1703;Заводской Проезд
1704;Загородное Шоссе
1705;Загорского Проезд
1706;Загорьевская Улица
1707;Загорьевский Проезд
1708;Задонский Проезд
1709;Залинейный Переулок
1710;Заморенова Улица
1711;Заозерная Улица
1712;Западная Улица
1713;Западная Улица
1714;Заповедная Улица
1715;Запорожская Улица
1716;Зарайская Улица
1717;Заревый Проезд
1718;Заречная Улица
1719;Заречье Улица
1722;Затонная Улица
1726;Захарьинская Улица
1728;Захарьинские Дворики Улица
1729;Зацепа Улица
1731;Зацепский Вал Улица
1732;Зацепский Тупик
1733;Защитников Москвы Проспект
1735;Звездный Бульвар
1737;Звенигородская Улица
1739;Звенигородское Шоссе
1740;Зверинецкая Улица
1741;Звонарский Переулок
1743;Зеленоградская Улица
1744;Зеленодольская Улица
1746;Зеленый Переулок
1747;Зеленый Проспект
1748;Зельев Переулок
1749;Земледельческий Переулок
1751;Земляной Вал Улица
1752;Землянский Переулок
1753;Зенитчиков Улица
1755;Зименковская (п Сосенское) Улица
1756;Златоустинский М. Переулок
1757;Златоустовская Улица
1758;Знаменка Улица
1759;Знаменская Улица
1760;Знаменские Садки Улица
1761;Знаменский М. Переулок
1763;Зои и Александра Космодемьянских Улица
1764;Золотая Улица
1765;Золоторожская Набережная
1767;Золоторожский Вал Улица
1768;Золоторожский Проезд
1769;Золоторожский Ср. Переулок
1770;Зональная Улица
1771;Зоологическая Улица
1772;Зоологический Переулок
1773;Зорге Улица
1774;Зубарев Переулок
1775;Зубовская Площадь
1776;Зубовская Улица
1777;Зубовский Бульвар
1778;Зубовский Проезд
1779;Зыковский Нов. Проезд
1780;Зыковский С. Проезд
1781;Зюзинская Улица
1782;Ибрагимова Улица
1783;Ивана Бабушкина Улица
1785;Ивана Сусанина Улица
1786;Ивана Франко Улица
1787;Ивановская Улица
1788;Ивановский М. Переулок
1789;Ивановский Проезд
1790;Ивантеевская Улица
1791;Иваньковское Шоссе
1793;Ивовая Улица
1794;Игарский Проезд
1796;Игральная Улица
1797;Иерусалимская Улица
1798;Иерусалимский Проезд
1799;Ижорская Улица
1800;Ижорский Проезд
1801;Изваринская Улица
1802;Известковый Переулок
1803;Извилистый Проезд
1804;Измайловская Площадь
1805;Измайловская Улица
1806;Измайловский Бульвар
1807;Измайловский Вал Улица
1808;Измайловский Проезд
1809;Измайловский Проспект
1811;Измайловское Шоссе
1812;Изумрудная Улица
1813;Изюмская Улица
1814;Икшинская Улица
1815;Илимская Улица
1816;Иловайская Улица
1817;Ильинка Улица
1818;Ильинские Ворота Площадь
1820;Ильича Площадь
1822;Ильменский Проезд
1825;Индустриальный Переулок
1826;Инессы Арманд Улица
1827;Инженерная Улица
1828;Инициативная Улица
1829;Институтская 1-я Улица
1830;Институтский Переулок
1831;Интернациональная Улица
1835;Ипатовка Новая Улица
1836;Ипатьевский Переулок
1837;Ирины Левченко Улица
1838;Иркутская Улица
1839;Исаковского Улица
1840;Искры Улица
1842;Истринская Улица
1843;Кавказский Бульвар
1844;Кадашевская Набережная
1845;Кадашевский Тупик
1846;Кадомцева Проезд
1847;Кадырова Улица
1848;Казакова Улица
1849;Казанский Переулок
1850;Казарменный Переулок
1852;Казенный М. Переулок
1853;Каковинский М. Переулок
1854;Каланчевская Улица
1855;Каланчевский Тупик
1856;Калашный Переулок
1857;Калибровская Улица
1860;Калитниковская М. Улица
1861;Калитниковская Ср. Улица
1862;Калитниковский М. Проезд
1864;Калошин Переулок
1865;Калужская М. Улица
1866;Калужская Площадь
1867;Калужский М. Переулок
1868;Калужское 34-й (п Десеновское) километр Шоссе
1870;Калужское шоссе 20-й (п Мосрентген) Километр
1871;Калужское шоссе 21-й (п Мосрентген) Километр
1872;Калужское шоссе 22-й км Улица
1873;Калужское шоссе 22-й (п Сосенское) Километр
1875;Калужское шоссе 24-й (п Сосенское) Километр
1877;Калужское шоссе 31-й (п Десеновское) Километр
1878;Калужское шоссе 32-й (п Десеновское) Километр
1879;Калужское шоссе 42-й (п Краснопахорское) Километр
1880;Калужское шоссе 43-й (п Краснопахорское) Километр
1881;Калужское шоссе 44-й (п Краснопахорское) Километр
1882;Калужское шоссе 47-й (п Краснопахорское) Километр
1883;Калужское шоссе 56-й (п Вороновское) Километр
1884;Каманина Улица
1885;Каменщики М. Улица
1886;Камергерский Переулок
1887;Камова Улица
1888;Камчатская Улица
1889;Канатчиковский Проезд
1891;Кантемировская Улица
1893;Капельский Переулок
1895;Капотня 2-й Квартал
1899;Капотня Улица
1900;Капранова Переулок
1901;Карамзина Проезд
1902;Карамышевская Набережная
1903;Карамышевский Проезд
1905;Карачаровское Шоссе
1906;Каргопольская Улица
1908;Карельский Бульвар
1909;Каретный М. Переулок
1910;Каретный Ряд Улица
1911;Каретный Ср. Переулок
1912;Карманицкий Переулок
1913;Карьерная Улица
1914;Карьер Улица
1915;Касаткина Улица
1916;Касимовская Улица
1917;Каскадная Улица
1918;Каспийская Улица
1919;Кастанаевская Улица
1920;Каховка Улица
1921;Качалинская Улица
1922;Качалова Улица
1923;Качуевской Наташи Улица
1924;Кашенкин Луг Улица
1925;Каширский Проезд
1926;Каширское Шоссе
1927;Квесисская 2-я Улица
1928;Кедрова Улица
1930;Керамический Проезд
1931;Керченская Улица
1932;Кетчерская Улица
1933;Кибальчича Улица
1934;Киевская Улица
1935;Киевского Вокзала Площадь
1936;Киевское шоссе 22-й (п Московский) Километр
1937;Киевское шоссе 23-й (п Московский) Километр
1938;Киевское шоссе 28-й (п Московский) Километр
1939;Киевское шоссе 32-й (п Марушкинское) Километр
1940;Киевское шоссе 36-й (п Марушкинское) Километр
1941;Киевское шоссе 37-й (п Марушкинское) Километр
1942;Киевское шоссе 39-й (п Первомайское) Километр
1945;Киплинга (п Московский) Улица
1946;Кипренского Улица
1947;Кирова Проезд
1948;Кирова Улица
1949;Кировоградская Улица
1950;Кировоградский Проезд
1952;Кировский Проезд
1953;Кирпичная Улица
1954;Кирпичные Выемки Улица
1957;Кисельный М. Переулок
1958;Кисельный Нижн. Переулок
1959;Кисельный Тупик
1960;Кисловский М. Переулок
1961;Кисловский Нижн. Переулок
1962;Кисловский Ср. Переулок
1963;Китайгородский Проезд
1964;Клары Цеткин Улица
1965;Кленовый Бульвар
1966;Климашкина Улица
1967;Климентовский Переулок
1968;Клинская Улица
1970;Клочкова Улица
1971;Ключевая Улица
1972;Клязьминская Улица
1973;Княжекозловский Переулок
1974;Княжеская Улица
1975;Княжнина Улица
1976;Ковров Переулок
1978;Кожевническая Улица
1980;Кожевнический Вражек Улица
1981;Кожевнический Проезд
1982;Козихинский Б. Переулок
1983;Козихинский М. Переулок
1984;Козицкий Переулок
1985;Козлова Улица
1986;Козловский М. Переулок
1987;Коккинаки Улица
1988;Коктебельская Улица
1990;Колесовой Елены Улица
1996;Колодезная Улица
1997;Колодезный Переулок
1998;Колокольников Переулок
1999;Коломенская Набережная
2000;Коломенская Улица
2001;Коломенский Проезд
2004;Колпачный Переулок
2005;Колпинская Улица
2006;Колхозная М. Площадь
2007;Колымажный Переулок
2008;Кольская Улица
2009;Комдива Орлова Улица
2010;Коминтерна Улица
2012;Коммунарская Улица
2014;Коммунистическая Улица
2016;Коммуны Площадь
2018;Комсомольская Площадь
2019;Комсомольская Улица
2020;Комсомольский Проспект
2021;Комсомольской Площади Проезд
2022;Конаковский Проезд
2023;Кондратьевский Ср. Переулок
2024;Кондратюка Улица
2025;Кондрашевский Тупик
2026;Коненкова Улица
2027;Конный Переулок
2028;Коновалова Улица
2029;Константина Симонова Улица
2030;Константина Федина Улица
2031;Константина Царева Улица
2032;Константинова Улица
2035;Конюшковская Улица
2036;Конюшковский М. Переулок
2037;Кооперативная 1-я Улица
2038;Коптевская Улица
2039;Коптевский Бульвар
2040;Коптевский М. Проезд
2041;Копьевский Переулок
2042;Корабельная Улица
2043;Коренная Улица
2044;Корнейчука Улица
2046;Коробейников Переулок
2048;Коровинское Шоссе
2049;Короленко Улица
2050;Косинская Улица
2054;Космодамианская Набережная
2055;Космонавта Волкова Улица
2058;Космонавтов Улица
2060;Костикова Улица
2061;Костомаровская Набережная
2062;Костомаровский Переулок
2063;Костромская Улица
2064;Костякова Улица
2065;Костянский Переулок
2066;Косыгина Улица
2067;Котельническая Набережная
2069;Котляковская Улица
2071;Коцюбинского Улица
2072;Кочновский Проезд
2074;Кошкина Улица
2075;Коштоянца Улица
2076;Кравченко Улица
2077;Крамского Улица
2078;Крапивенский Переулок
2079;Красина Переулок
2080;Красина Улица
2081;Красковская Улица
2082;Красная Площадь
2083;Красная Пресня Улица
2084;Красная Сосна Улица
2085;Красноармейская Улица
2086;Краснобогатырская Улица
2087;Красноворотский Проезд
2089;Красногвардейский Бульвар
2090;Красного Маяка Улица
2091;Краснодарская Улица
2092;Краснодарский Проезд
2093;Краснодонская Улица
2094;Красноказарменная Набережная
2095;Красноказарменная Площадь
2096;Красноказарменная Улица
2099;Краснолиманская Улица
2100;Краснополянская Улица
2102;Краснопресненская Набережная
2103;Краснопролетарская Улица
2104;Краснопрудная Улица
2105;Краснопрудный М. Тупик
2106;Краснопрудный Переулок
2107;Красносельская М. Улица
2108;Красносельская Нижн. Улица
2109;Красносельский Тупик
2110;Красносолнечная Улица
2111;Красностуденческий Проезд
2112;Краснохолмская Набережная
2113;Краснохолмская Нижн. Улица
2114;Красноярская Улица
2116;Красный Казанец Улица
2118;Красных Зорь Улица
2119;Кременчугская Улица
2120;Кремлевская Набережная
2121;Кремлевский Проезд
2122;Кремлёвских Курсантов Аллея
2123;Кремль Улица
2124;Кренкеля Улица
2125;Крестовоздвиженский Переулок
2126;Крестьянская Застава Площадь
2127;Крестьянская Площадь
2128;Крестьянский Тупик
2129;Кржижановского Улица
2130;Кривоарбатский Переулок
2131;Кривоколенный Переулок
2132;Кривоникольский Переулок
2133;Криворожская Улица
2134;Криворожский Проезд
2135;Кронштадтский Бульвар
2136;Кропоткинская Набережная
2137;Кропоткинская Улица
2139;Кропоткинский Переулок
2140;Крупской Улица
2141;Крутицкая Набережная
2142;Крутицкая Улица
2143;Крутицкий Вал Улица
2145;Крылатская Улица
2146;Крылатские Холмы Улица
2147;Крымская Набережная
2148;Крымская Площадь
2149;Крымский Вал Улица
2151;Крымский Тупик
2152;Крюковская Улица
2153;Крюковский Тупик
2154;Ксеньинский Переулок
2155;Кубанская Улица
2156;Кубинка Улица
2157;Кудринская Площадь
2158;Кудринский Переулок
2160;Кузнецкий Мост Улица
2161;Кузнецова Улица
2162;Кузнецовская Улица
2163;Кузнечный Тупик
2164;Кузьминская Улица
2165;Кузьминский Парк
2167;Кулакова Улица
2168;Кулаков Переулок
2169;Куликовская Улица
2170;Кульнева Улица
2171;Кунцевская Улица
2172;Купавенский М. Проезд
2173;Курганская Улица
2174;Куркинское Шоссе
2177;Курсовой Переулок
2178;Курьяновская Набережная
2180;Курьяновский Бульвар
2181;Кусковская Улица
2182;Кусковский Просек
2183;Кусковский Тупик
2184;Кустанайская Улица
2188;Кутузова Улица
2189;Кутузовский Переулок
2190;Кутузовский Проезд
2191;Кутузовский Проспект
2192;Куусинена Улица
2193;Кухмистерова Улица
2194;Кучин Переулок
2195;Лавочкина Улица
2196;Лавриненко Улица
2197;Лавров Переулок
2199;Лаврушинский Переулок
2200;Ладожская Улица
2201;Лазаревский Переулок
2202;Лазоревый Проезд
2203;Лазо Улица
2204;Ландышевая Улица
2206;Лапина Улица
2209;Лебедянская Улица
2210;Лебяжий Переулок
2211;Леваневского Улица
2212;Левитана Улица
2213;Левобережная Улица
2214;Левшинский М. Переулок
2215;Левый Тупик
2217;Ленивка Улица
2218;Ленинградский Проспект
2219;Ленинградское Шоссе
2220;Лениногорская Улица
2221;Ленинская Площадь
2222;Ленинская Слобода Улица
2223;Ленинские Горы Территория
2224;Ленинские Горы Улица
2225;Ленинский Проспект
2226;Ленская Улица
2228;Леонова 1-я Улица
2229;Леонтьевский Переулок
2231;Лермонтовская Улица
2232;Лермонтовский Проспект
2233;Леси Украинки Улица
2234;Лескова Улица
2235;Лесная Улица
2236;Лесной 2-й Переулок
2237;Лесной Переулок
2238;Лесной Проезд
2239;Леснорядская Улица
2240;Леснорядский Переулок
2241;Лестева Улица
2242;Летная Улица
2244;Летниковская Улица
2246;Летняя Улица
2247;Летчика Бабушкина Улица
2252;Лефортовская Набережная
2254;Лефортовский Вал Улица
2255;Лефортовский Переулок
2256;Лечебная Улица
2257;Лианозовский Проезд
2258;Ливенская Улица
2259;Лизы Чайкиной Улица
2260;Линейный Проезд
2261;Линии Октябрьской Железной Дороги Улица
2262;Липецкая Улица
2264;Липчанского Улица
2265;Лисицкого Улица
2266;Лисичанская Улица
2267;Лиственничная Аллея
2268;Листопадная Улица
2269;Литвина-Седого Улица
2270;Литовский Бульвар
2271;Лихачёва Проспект
2272;Лихоборская Набережная
2273;Лихоборские Бугры Улица
2274;Лихов Переулок
2275;Лобанова Улица
2276;Лобачика Улица
2277;Лобненская Улица
2279;Лодочная Улица
2280;Локомотивный Проезд
2281;Ломоносовский Проспект
2282;Лонгиновская Улица
2283;Лопухинский Переулок
2284;Лосевская Улица
2285;Лосиноостровская Улица
2287;Лубочный Переулок
2288;Лубянка М. Улица
2289;Лубянский Проезд
2290;Луганская Улица
2292;Луговой Проезд
2293;Лужнецкая Набережная
2294;Лужнецкий Проезд
2295;Лужники Улица
2296;Лужская Улица
2297;Луиджи Лонго Улица
2298;Лукинская Улица
2299;Луков Переулок
2301;Лухмановская Улица
2302;Луховицкая Улица
2303;Лучников Переулок
2304;Лыковская 2-я Улица
2306;Лыткаринская Улица
2307;Лыщиков Переулок
2309;Льва Толстого Улица
2311;Льва Яшина Улица
2313;Люблинская Улица
2314;Люсиновская Улица
2316;Лялин Переулок
2318;Ляпидевского Улица
2320;Магаданская Улица
2322;Магистральный Переулок
2323;Магнитогорская Улица
2324;Маевок Улица
2325;Мажоров Переулок
2327;Майская Аллея
2328;Майская Улица
2329;Майский Просек
2330;Майский Тупик
2331;Макаренко Улица
2332;Макеевская Улица
2334;Максимова Улица
2335;Малахитовая Улица
2336;Малая Молчановка Улица
2337;Малая Набережная Улица
2338;Малая Оленья Улица
2339;Малая Ордынка Улица
2340;Малая Остроумовская Улица
2341;Малая Очаковская Улица
2342;Малая Переяславская Улица
2343;Малая Пионерская Улица
2344;Малая Пироговская Улица
2345;Малая Полянка Улица
2346;Малая Почтовая Улица
2347;Малая Семёновская Улица
2349;Малая Тульская Улица
2350;Малая Филёвская Улица
2351;Малая Черкизовская Улица
2353;Малая Юшуньская Улица
2354;Малая Якиманка Улица
2355;Маленковская Улица
2356;Малое кольцо МЖД 10-й км Дорога
2358;Малое кольцо МЖД 19-й км Дорога
2359;Малое кольцо МЖД 20-й км Дорога
2360;Малое кольцо МЖД 49-й км Дорога
2362;Малое Кольцо Мжд 9-й Километр
2363;Маломосковская Улица
2364;Малыгина Улица
2366;Малый Могильцевский Переулок
2368;Малый Николопесковский Переулок
2369;Малый Новопесковский Переулок
2370;Малый Олений Переулок
2372;Малый Палашёвский Переулок
2373;Малый Патриарший Переулок
2374;Малый Песчаный Переулок
2375;Малый Полуярославский Переулок
2376;Малый Предтеченский Переулок
2377;Малый Путинковский Переулок
2378;Малый Ржевский Переулок
2379;Малый Рогожский Переулок
2380;Малый Саввинский Переулок
2382;Малый Спасоглинищевский Переулок
2383;Малый Строченовский Переулок
2384;Малый Сухаревский Переулок
2385;Малый Татарский Переулок
2386;Малый Тишинский Переулок
2387;Малый Толмачёвский Переулок
2388;Малый Трёхгорный Переулок
2390;Малый Черкасский Переулок
2391;Малышева Улица
2392;Мамоновский Переулок
2394;Манежная Улица
2395;Мансуровский Переулок
2396;Мантулинская Улица
2398;Маресьева Улица
2399;Марии Поливановой Улица
2400;Марии Ульяновой Улица
2401;Мариупольская Улица
2402;Марка Шагала Набережная
2404;Марксистская Улица
2405;Марксистский Переулок
2406;Мароновский Переулок
2407;Мартеновская Улица
2409;Мартыновский Переулок
2410;Марфинский Проезд
2411;Мархлевского Улица
2413;Маршала Баграмяна Улица
2415;Маршала Бирюзова Улица
2416;Маршала Василевского Улица
2417;Маршала Вершинина Улица
2418;Маршала Воробьева Улица
2419;Маршала Голованова Улица
2420;Маршала Ерёменко Улица
2421;Маршала Жукова Проспект
2422;Маршала Захарова Улица
2423;Маршала Катукова Улица
2424;Маршала Кожедуба Улица
2425;Маршала Конева Улица
2427;Маршала Малиновского Улица
2428;Маршала Мерецкова Улица
2429;Маршала Неделина Улица
2430;Маршала Новикова Улица
2431;Маршала Полубоярова Улица
2432;Маршала Прошлякова Улица
2433;Маршала Рокоссовского Бульвар
2434;Маршала Рыбалко Улица
2435;Маршала Савицкого Улица
2436;Маршала Сергеева Улица
2437;Маршала Соколовского Улица
2439;Маршала Тимошенко Улица
2440;Маршала Тухачевского Улица
2441;Маршала Устинова Улица
2442;Маршала Федоренко Улица
2443;Маршала Чуйкова Улица
2444;Маршала Шапошникова Улица
2447;Марьиной Рощи 3-й Проезд
2448;Марьинский Бульвар
2449;Марьинский Парк Парк
2450;Масловка Нижн. Улица
2451;Мастеркова Улица
2452;Мастеровая Улица
2453;Матвеевская Улица
2454;Матроса Железняка Бульвар
2455;Матросова Улица
2456;Матросская Тишина Улица
2458;Маши Порываевой Улица
2459;Машкинское Шоссе
2460;Машкова Улица
2461;Маяковского Переулок
2462;Маяковского Площадь
2464;Медведева Улица
2465;Медведева Улица
2467;Медиков Улица
2468;Медовый Переулок
2469;Медынская Улица
2470;Международная Улица
2471;Международное Шоссе
2473;Международный Ср. Переулок
2474;Мелитопольская Улица
2476;Мелиховская Улица
2477;Мелькисаровская Улица
2478;Мельникова Улица
2479;Мельницкий Переулок
2480;Менделеевская Улица
2481;Менжинского Улица
2482;Мерзляковский Переулок
2484;Металлургов Улица
2485;Метростроевская Улица
2486;Мещанская Улица
2487;Мещерский Переулок
2488;Мещерский Проспект
2489;Мещерякова Улица
2490;Мжд Белорусское 6-й Километр
2491;Мжд Белорусское 7-й Километр
2492;Мжд Казанское 4-й Километр
2493;Мжд Казанское 5-й Километр
2495;Мжд Киевское 17-й Километр
2496;Мжд Киевское 1-й Километр
2497;Мжд Киевское 2-й Километр
2498;Мжд Киевское 3-й Километр
2499;Мжд Киевское 4-й Километр
2500;МЖД Киевское 5-й Километр
2501;Мжд Курское 18-й Километр
2502;Мжд Курское 32-й Километр
2503;Мжд Курское 33-й Километр
2504;МЖД Рижское 1-й км Дорога
2505;Мжд Рижское 7-й Километр
2506;Мжд Рижское 8-й Километр
2507;Мжд Рижское 9-й Километр
2508;МЖД Рязанское 5-й км Дорога
2509;МЖД Рязанское 6-й км Дорога
2510;МЖД Рязанское 8-й км Дорога
2511;Мжд Рязанское 9-й Километр
2512;Мжд Савеловское 10-й Километр
2513;Мжд Савеловское 13-й Километр
2514;Мжд Савеловское 1-й Километр
2515;Мжд Ярославское 10-й Километр
2516;МЖД Ярославское 2-й Километр
2517;Мжд Ярославское 3-й Километр
2518;МЖД Ярославское 4-й Километр
2520;Миклухо-Маклая Улица
2522;Милашенкова Улица
2524;Миллионная Улица
2525;Минаевский 3-й Переулок
2526;Минаевский Переулок
2527;Мининский Переулок
2528;Минская Улица
2529;Минское ш. 18-й Километр
2530;Минусинская Улица
2531;Мира Проспект
2532;Мира Улица
2533;Миргородская Улица
2534;Миргородский Проезд
2535;Мироновская Улица
2536;Мирской Переулок
2538;Митинская Улица
2539;Митьковский Проезд
2540;Миусская Площадь
2544;Михаила Певцова Улица
2546;Михайлова Улица
2548;Михайловский Проезд
2549;Михалковская Улица
2550;Михельсона Улица
2551;Михневская Улица
2552;Михневский Проезд
2553;Мичурина Улица
2555;Мичуринский Проспект
2556;Мичуринский Проспект.Олимпийская деревня Улица
2557;Мишина Улица
2559;МКАД 102-й Километр
2560;МКАД 103-й Километр
2561;МКАД 104-й Километр
2562;МКАД 105-й Километр
2564;МКАД 109-й Километр
2565;МКАД 10-й Километр
2566;МКАД 12-й Километр
2567;МКАД 13-й Километр
2568;МКАД 14-й Километр
2569;МКАД 15-й Километр
2570;МКАД 16-й Километр
2571;МКАД 17-й Километр
2572;МКАД 18-й Километр
2573;МКАД 19-й Километр
2574;МКАД 1-й Километр
2575;МКАД 21-й Километр
2576;МКАД 22-й Километр
2577;МКАД 23-й Километр
2578;МКАД 24-й Километр
2579;МКАД 25-й Километр
2580;МКАД 26-й Километр
2581;МКАД 28-й Километр
2582;МКАД 29-й Километр
2583;МКАД 2-й Километр
2584;МКАД 30-й Километр
2585;МКАД 31-й Километр
2586;МКАД 32-й Километр
2587;МКАД 33-й Километр
2588;МКАД 34-й Километр
2589;МКАД 35-й Километр
2590;МКАД 36-й Километр
2591;МКАД 38-й Километр
2592;МКАД 39-й Километр
2594;МКАД 40-й Километр
2595;МКАД 40-й (п Сосенское) Километр
2596;МКАД 41-й Километр
2597;МКАД 42-й Километр
2598;МКАД 42-й Километр
2599;МКАД 43-й Километр
2600;МКАД 43-й (п Мосрентген) Километр
2601;МКАД 46-й Километр
2603;МКАД 49-й Километр
2604;МКАД 4-й Километр
2605;МКАД 51-й Километр
2606;МКАД 52-й Километр
2607;МКАД 53-й Километр
2608;МКАД 54-й Километр
2609;МКАД 56-й Километр
2610;МКАД 58-й Километр
2611;МКАД 5-й Километр
2612;МКАД 60-й Километр
2613;МКАД 62-й Километр
2615;МКАД 64-й Километр
2616;МКАД 65-й Километр
2617;МКАД 67-й Километр
2619;МКАД 6-й Километр
2620;МКАД 71-й Километр
2621;МКАД 73-й Километр
2622;МКАД 74-й Километр
2623;МКАД 78-й Километр
2624;МКАД 79-й Километр
2625;МКАД 7-й Километр
2626;МКАД 80-й Километр
2627;МКАД 81-й Километр
2628;МКАД 82-й Километр
2629;МКАД 83-й Километр
2631;МКАД 87-й Километр
2632;МКАД 89-й Километр
2633;МКАД 8-й Километр
2634;МКАД 90-й Километр
2636;МКАД 92-й Километр
2637;МКАД 93-й Километр
2638;МКАД 94-й Километр
2639;МКАД 9-й Километр
2640;Мневники Нижн. Улица
2641;Мневники Улица
2642;Можайский Вал Улица
2643;Можайский Переулок
2644;Можайское Шоссе
2645;Молдавская Улица
2646;Молдагуловой Улица
2647;Молжаниновская Улица
2648;Молодежная Улица
2649;Молодогвардейская Улица
2650;Молодцова Улица
2651;Молокова Улица
2652;Молостовых Улица
2653;Молочный Переулок
2654;Монтажная Улица
2657;Мориса Тореза Набережная
2658;Моршанская Улица
2659;Москвина Улица
2660;Москворецкая Набережная
2662;Москворечье Улица
2664;Московская Улица
2665;Московский Проспект
2666;Московско-Казанский Переулок
2669;Мосфильмовская Улица
2670;Моторная Улица
2671;Моховая Улица
2672;Мрузовский Переулок
2674;Мукомольный Проезд
2675;Муравская Улица
2676;Мурановская Улица
2677;Мурманский Проезд
2678;Муромская Улица
2680;Мусоргского Улица
2682;Мусы Джалиля Улица
2684;Мценская Улица
2685;Мытищинский Проезд
2686;Мытная Улица
2688;Мясищева Улица
2689;Мячковский Бульвар
2690;Набережная Улица
2691;Нагатинская Набережная
2693;Нагатинская Улица
2694;Нагатинский 1-й Проезд
2695;Нагатинский Бульвар
2697;Нагорная Улица
2698;Нагорный Бульвар
2699;Нагорный Проезд
2700;Налесный Переулок
2701;Наличная Улица
2702;Наметкина Улица
2703;Нансена Проезд
2704;Напольный Проезд
2705;Напрудный Переулок
2706;Нарвская Улица
2707;Наримановская Улица
2708;Народная Улица
2709;Народного Ополчения Улица
2711;Народный Проспект
2712;Наро-Фоминская Улица
2713;Нарышкинская Аллея
2715;Насосная Улица
2716;Наставнический Переулок
2717;Наставнический Ср. Переулок
2718;Настасьинский Переулок
2719;Наташи Качуевской Улица
2720;Наташи Ковшовой Улица
2722;Научный Проезд
2723;Нахимовский Проспект
2724;Нащокинский Переулок
2725;Невельского Проезд
2726;Неверовского Улица
2727;Неглинная Улица
2728;Неглинный 1-й Переулок
2729;Недорубова Улица
2730;Нежинская Улица
2731;Некрасовская Улица
2732;Нелидовская Улица
2733;Неманский Проезд
2734;Немчинова Улица
2735;Нерис Саломеи Улица
2736;Несвижский Переулок
2737;Нижегородская Улица
2740;Нижние Поля Улица
2741;Нижний Сусальный Переулок
2742;Нижняя Первомайская Улица
2743;Нижняя Радищевская Улица
2744;Нижняя Сыромятническая Улица
2745;Нижняя Улица
2746;Нижняя Хохловка Улица
2747;Никитинская Улица
2748;Никитников Переулок
2750;Никитский Бульвар
2751;Николаева Улица
2753;Николаевский Тупик
2756;Николая Сироткина Улица
2758;Николая Старостина Улица
2759;Николая Химушина Улица
2763;Николощеповский 3-й Переулок
2765;Николоямская Улица
2766;Николоямский Переулок
2767;Николоямской Тупик
2768;Никольский Тупик
2769;Никольско-Архангельский Проезд
2770;Никоновский Переулок
2771;Никопольская Улица
2772;Никулинская Улица
2773;Никулинская Улица
2776;Новаторов Улица
2777;Новая Дорога Улица
2778;Новая Заря Улица
2779;Новая Переведеновская Улица
2780;Новая Площадь
2782;Новая Улица
2783;Новгородская Улица
2784;Новикова-Прибоя Набережная
2785;Новинки Улица
2786;Новинский Бульвар
2788;Новоалексеевская Улица
2789;Новобутовская Улица
2790;Новобутовский Проезд
2791;Нововаганьковский Переулок
2797;Нововладыкинский Проезд
2798;Нововоротниковский Переулок
2799;Новогиреевская Улица
2800;Новогорская Улица
2801;Новоданиловская Набережная
2802;Новоданиловский Проезд
2803;Новодачная Улица
2804;Новодачное Шоссе
2805;Новодевичий Переулок
2806;Новодевичьего Монастыря Площадь
2808;Новодмитровская Улица
2809;Новое Шоссе
2810;Новозаводская Улица
2811;Новокирочный Переулок
2813;Новоконюшенный Переулок
2814;Новокосинская Улица
2816;Новокузнецкая Улица
2817;Новокуркинское Шоссе
2818;Новолесная Улица
2819;Новолесной Переулок
2820;Новолужнецкий Проезд
2821;Новолучанская Улица
2822;Новомарьинская Улица
2823;Новомещерский Проезд
2824;Новомосковская Улица
2825;Новоорловская Улица
2826;Новооскольская Улица
2827;Новоостаповская Улица
2828;Новопеределкинская Улица
2829;Новопетровская Улица
2830;Новопетровский Проезд
2831;Новопоселковая Улица
2832;Новопотаповский Проезд
2833;Новопресненский Переулок
2834;Новорижское шоссе 22-й Километр
2835;Новорогожская Улица
2836;Новороссийская Улица
2838;Новорублевская Улица
2839;Новорязанская Улица
2842;Новосибирская Улица
2843;Новослободская Улица
2844;Новоспасский Переулок
2845;Новоспасский Проезд
2846;Новосущевская Улица
2847;Новосущевский Переулок
2848;Новосходненское Шоссе
2849;Новотетерки Улица
2851;Новотушинская Улица
2852;Новотушинский Проезд
2854;Новоухтомское Шоссе
2856;Новохорошевский Проезд
2857;Новохохловская Улица
2858;Новоцарицынское Шоссе
2859;Новочеремушкинская Улица
2860;Новочеркасский Бульвар
2861;Новощукинская Улица
2862;Новоясеневский Проспект
2863;Новоясеневский Тупик
2869;Новый Арбат Улица
2873;Норильская Улица
2875;Обводное Шоссе
2877;Оболенский Переулок
2878;Оборонная Улица
2879;Образцова Улица
2880;Обручева Улица
2881;Обуха Переулок
2882;Обухов Переулок
2883;Овчинниковская Набережная
2884;Овчинниковский Ср. Переулок
2885;Огородная Слобода Переулок
2886;Огородный Проезд
2887;Одесская Улица
2888;Одинцовская Улица
2889;Одоевского Проезд
2890;Озерковская Набережная
2891;Озерковский Переулок
2893;Озерная Улица
2895;Окружная Улица
2896;Окружной Проезд
2897;Окская Улица
2898;Октябрьская ЖД Москва-СП 10-й км Дорога
2899;Октябрьская ж.д. Московское 611 км Дорога
2900;Октябрьская ж.д. Московское 637 км Дорога
2901;Октябрьская ж.д. Московское 646 км Дорога
2902;Октябрьская Улица
2903;Октябрьский Переулок
2904;Олеко Дундича Улица
2905;Олений Вал Улица
2907;Олимпийский Проспект
2909;Олонецкая Улица
2910;Олонецкий Проезд
2911;Олсуфьевский Переулок
2912;Ольминского Проезд
2913;Ольховская Улица
2914;Ольховский Переулок
2915;Ольховский Тупик
2917;Онежская Улица
2919;Оранжерейная Улица
2920;Орджоникидзе Улица
2921;Ордынский Тупик
2922;Оренбургская Улица
2923;Орехово-Зуевский Проезд
2924;Ореховый Бульвар
2925;Ореховый Проезд
2926;Орликов Переулок
2927;Орлово-Давыдовский Переулок
2928;Орловский Переулок
2929;Оружейный Переулок
2930;Оршанская Улица
2931;Осенняя Улица
2932;Осипенко (пос.Липки) Улица
2933;Осипенко Улица
2934;Ослябинский Переулок
2936;Остаповский Проезд
2937;Остафьевская Улица
2938;Осташковская Улица
2939;Осташковский Проезд
2940;Островитянова Улица
2941;Островная Улица
2942;Островной Проезд
2943;Островского Н.А. Переулок
2944;Острякова Улица
2945;Открытое Шоссе
2946;Отрадная Улица
2947;Отрадный Проезд
2948;Офицерская (п Десеновское) Улица
2949;Охотничья Улица
2950;Охотный Ряд Улица
2951;Охтинская Улица
2952;Охтинский Проезд
2953;Очаковская Улица
2954;Очаковское Шоссе
2955;Павелецкая Набережная
2956;Павла Андреева Улица
2957;Павла Корчагина Улица
2960;Павлика Морозова Улица
2961;Павловская Улица
2962;Пакгаузное Шоссе
2963;Палехская Улица
2965;Палисадная Улица
2966;Палиха Улица
2968;Панкратьевский Переулок
2969;Пантелеевская Улица
2971;Панферова Улица
2972;Панфилова Улица
2973;Панфиловский Переулок
2974;Папанина Улица
2975;Паперника Улица
2976;Парковая 3-я Улица
2977;Парковая Улица
2979;Парковая Улица
2980;Паромная Улица
2981;Партизанская Улица
2982;Партийный Переулок
2983;Парусный Проезд
2984;Паршина Улица
2985;Пасечная Улица
2987;Паустовского Улица
2989;Педагогическая Улица
2993;Пенягинская Улица
2994;Первомайская Ср. Улица
2995;Первомайская Улица
2997;Переведеновский Переулок
2999;Перекопская Улица
3000;Перерва Улица
3001;Перервинский Бульвар
3002;Пересветов Переулок
3003;переулок Расковой Переулок
3004;Переяславская Ср. Улица
3005;Переяславский Переулок
3006;Пермская Улица
3007;Перовская Улица
3008;Перовский Проезд
3009;Перовское Шоссе
3010;Перуновский Переулок
3011;Песочная Аллея
3012;Песочный Переулок
3013;Пестеля Улица
3014;Пестовский Переулок
3016;Песчаная Улица
3017;Песчаный 1-й Переулок
3018;Песчаный Карьер Улица
3019;Петра Алексеева Улица
3021;Петра Романова Улица
3022;Петроверигский Переулок
3023;Петровка Улица
3025;Петровские Линии Улица
3026;Петровский Бульвар
3027;Петровско-Разумовская Аллея
3028;Петровско-Разумовский Проезд
3029;Петровско-Разумовский С. Проезд
3030;Петрозаводская Улица
3031;Петропавловский Переулок
3032;Пехорская Улица
3033;Пехотная Улица
3034;Печатников Переулок
3035;Пивченкова Улица
3036;Пилота Нестерова Улица
3037;Пилотская Улица
3038;Пименовский Тупик
3039;Пинский Проезд
3040;Писцовая Улица
3041;Плавский Проезд
3042;Планерная Улица
3043;Планетная Улица
3044;Платовская Улица
3045;Плетешковский Переулок
3046;Плеханова Улица
3047;Плещеева Улица
3048;Плотинная Улица
3049;Плотников Переулок
3051;Плющева Улица
3052;Плющиха Улица
3053;Победы Площадь
3054;Погодинская Улица
3055;Погонный Проезд
3056;Погорельский Переулок
3057;Подвойского Улица
3059;Подколокольный Переулок
3060;Подкопаевский Переулок
3061;Подмосковная Улица
3062;Подольская Улица
3063;Подольских Курсантов Улица
3064;Подольское Шоссе
3065;Подсосенский Переулок
3067;Подъемная Улица
3068;Подъемный Переулок
3069;Пожарский Переулок
3070;Поклонная Улица
3071;Покровка Улица
3072;Покровская Улица
3074;Покровский Бульвар
3075;Покрышкина Улица
3076;Полбина Улица
3077;Полевая (Дер. Захарьино) Улица
3078;Полевая Улица
3079;Полевой Аллея
3080;Поленова Улица
3081;Полесский Проезд
3082;Поликарпова Улица
3083;Полимерная Улица
3084;Полины Осипенко Улица
3086;Полковая Улица
3087;Полосухина Улица
3088;Полоцкая Улица
3089;Полтавская Улица
3090;Полуэктов Переулок
3091;Полуярославская Набережная
3093;Поляны (п Сосенское) Улица
3094;Поляны Улица
3095;Полярная Улица
3096;Полярный Проезд
3097;Померанцев Переулок
3098;Поморская Улица
3100;Поперечный Просек
3101;Попов Проезд
3102;Попутная Улица
3103;Поречная Улица
3104;Порядковый Переулок
3105;Поселковая Улица
3106;Посланников Переулок
3107;Последний Переулок
3108;Потаповский Переулок
3109;Потешная Улица
3110;Потылиха Улица
3111;Походный Проезд
3113;Правды Улица
3114;Правобережная Улица
3115;Прасковьина Улица
3117;Преображенская Площадь
3118;Преображенская Улица
3119;Преображенский Вал Улица
3120;Пресненская Набережная
3121;Пресненский Вал Улица
3122;Пресненский Переулок
3123;Пржевальского Улица
3124;Прибрежный Проезд
3125;Привольная Улица
3126;Привольный Проезд
3127;Приозерная Улица
3128;Приорова Улица
3129;Приречная Улица
3131;Причальный Проезд
3132;Пришвина Улица
3133;Приютский Переулок
3140;Проектируемый 185-й Проезд
3141;Проектируемый 188-й Проезд
3146;Проектируемый 3610-й Проезд
3147;Проектируемый 3683-й Проезд
3149;Проектируемый 3712-й Проезд
3150;Проектируемый 3723-й Проезд
3152;Проектируемый 4062-й Проезд
3153;Проектируемый 4294-й Проезд
3154;Проектируемый 4296-й Проезд
3155;Проектируемый 4386-й Проезд
3156;Проектируемый 4586-й Проезд
3159;Проектируемый 5112-й Проезд
3164;Проектируемый 625-й Проезд
3168;Проектируемый 727-й Проезд
3172;Проектируемый Проезд
3173;Производственная Улица
3174;Прокатная Улица
3175;Прокудинский Переулок
3176;Пролетарский Проспект
3177;Пролетарского Входа Аллея
3180;Промышленная Улица
3182;Промышленный Проезд
3183;Пронская Улица
3185;Просвирин Переулок
3186;Просторная Улица
3187;Проточный Переулок
3188;Профсоюзная Улица
3189;Прохладная Улица
3190;Проходчиков Улица
3191;Пруд Ключики Улица
3192;Прудовая Улица
3193;Прудовой Проезд
3195;Прямикова Улица
3196;Прямой Переулок
3197;Прянишникова Улица
3198;Псковская Улица
3199;Пуговишников Переулок
3200;Пудовкина Улица
3201;Пулковская Улица
3202;Путевой Проезд
3203;Путейская Улица
3204;Путейский Тупик
3205;Путилковское Шоссе
3206;Пушечная Улица
3207;Пушкарев Переулок
3209;Пушкинская Набережная
3210;Пушкинская Площадь
3211;Пыжевский Переулок
3213;Пяловская Улица
3214;Пятницкая Улица
3215;Пятницкий Переулок
3216;Пятницкое Шоссе
3217;Рабочая Улица
3218;Рабфаковский Переулок
3219;Радарная Улица
3220;Радио Улица
3222;Радужная Улица
3223;Раевского Улица
3225;Раздельная Улица
3226;Ракетный Бульвар
3227;Раменки Улица
3228;Раменский Бульвар
3230;Расковой Улица
3231;Расплетина Улица
3233;Рассветная Аллея
3235;Рассказовская Улица
3236;Расторгуевский Переулок
3237;Ратная Улица
3238;Раушская Набережная
3239;Рахмановский Переулок
3240;Ращупкина Улица
3241;Революции Площадь
3242;Резервный Проезд
3247;Ремизова Улица
3248;Реутовская Улица
3249;Речников Улица
3251;Рижская Площадь
3252;Рижский Проезд
3253;Римского-Корсакова Улица
3255;Рогачевский Переулок
3256;Рогова Улица
3257;Рогожский Вал Улица
3258;Рогожский Поселок Улица
3261;Родионовская Улица
3262;Родниковая Улица
3264;Рождественская Улица
3265;Рождественский Бульвар
3266;Розанова Улица
3267;Розы Люксембург Улица
3268;Рокотова Улица
3270;Россолимо Улица
3271;Россошанская Улица
3272;Россошанский Проезд
3273;Ростовская Набережная
3274;Ростокинская Улица
3275;Ростокинский Проезд
3276;Ротерта Улица
3277;Рочдельская Улица
3279;Рублево-Успенское шоссе 25 Километр
3281;Рублевское Шоссе
3282;Рубцов Переулок
3283;Рубцовская Набережная
3284;Рубцовско-Дворцовая Улица
3285;Рудневка Улица
3286;Рудневой Улица
3287;Ружейный Переулок
3289;Руновский Переулок
3290;Русаковская Набережная
3291;Русаковская Улица
3292;Русанова Проезд
3294;Руставели Улица
3296;Рыбинский Переулок
3297;Рыбников Переулок
3298;Рыбный Переулок
3300;Рябиновая Улица
3301;Ряжская Улица
3302;Рязановское (п Рязановское) Шоссе
3303;Рязанский Переулок
3305;Рязанский Проспект
3306;Саввинская Набережная
3307;Савеловская Линия
3308;Савеловский Проезд
3309;Савеловского Вокзала Площадь
3310;Савельева Улица
3311;Саврасова Улица
3312;Садовая-Каретная Улица
3313;Садовая-Кудринская Улица
3314;Садовая-Самотечная Улица
3316;Садовая-Спасская Улица
3317;Садовая-Сухаревская Улица
3318;Садовая-Триумфальная Улица
3319;Садовая-Черногрязская Улица
3320;Садовники Улица
3321;Садовническая Набережная
3323;Садовнический Проезд
3326;Сайкина Улица
3327;Салтыковская Улица
3328;Сальвадора Альенде Улица
3329;Саляма Адиля Улица
3330;Самаринская Улица
3331;Самаркандский Бульвар
3334;Самарская Улица
3336;Самеда Вургуна Улица
3337;Самокатная Улица
3338;Саморы Машела Улица
3340;Самотечная Улица
3343;Санникова Улица
3344;Саперный Проезд
3345;Саранская Улица
3346;Саратовская Улица
3347;Саринский Проезд
3350;Сафоновская Улица
3351;Сахалинская Улица
3352;Саянская Улица
3353;Свердлова Площадь
3355;Сверчков Переулок
3358;Светлая поляна Территория СНТ
3359;Светлогорский Проезд
3360;Светлый Проезд
3363;Свободный Проспект
3364;Свободы Улица
3365;Связистов Улица
3366;Святоозерская Улица
3369;Севанская Улица
3370;Севастопольская Площадь
3371;Севастопольский Проспект
3372;Северное Чертаново Микрорайон
3373;Северный Бульвар
3377;Северодвинская Улица
3378;Северянин Платформа
3379;Северянинский Проезд
3380;Седова Улица
3381;Селезневская Улица
3382;Селиверстов Переулок
3383;Селигерская Улица
3384;Сельскохозяйственная Улица
3386;Семеновская Набережная
3387;Семеновская Площадь
3388;Семеновский Вал Улица
3389;Семеновский Переулок
3391;Семинарский Тупик
3392;Сенежская Улица
3394;Серафимовича Улица
3396;Сергея Макеева Улица
3397;Сергея Эйзенштейна Улица
3398;Сергия Радонежского Улица
3399;Серебрякова Проезд
3400;Серебряническая Набережная
3401;Серебрянический Переулок
3403;Серебряный Переулок
3404;Серегина Улица
3406;Серова Улица
3407;Серпов Переулок
3409;Серпуховский Вал Улица
3410;Серпуховский Переулок
3411;Сеславинская Улица
3412;Сибирский Проезд
3413;Сибиряковская Улица
3414;Сивашская Улица
3415;Сивцев Вражек Переулок
3416;Сивяков Переулок
3417;Сигнальный Проезд
3419;Симоновская Набережная
3420;Симоновский Вал Улица
3421;Симоновский Тупик
3422;Симферопольский Бульвар
3423;Симферопольский Проезд
3425;Синельниковская Улица
3426;Синявинская Улица
3427;Сиреневый Бульвар
3428;Скаковая Аллея
3429;Скаковая Улица
3430;Скатертный Переулок
3431;Складочная Улица
3432;Складочный Тупик
3433;Скобелевская Улица
3434;Сколковское Шоссе
3435;Скорняжный Переулок
3436;Скотопрогонная 2-я Улица
3437;Скрябинский Переулок
3438;СК Товарищество Мешково-2 Территория
3439;Скульптора Мухиной Улица
3442;Славянская Площадь
3443;Славянский Бульвар
3444;Слепнева Улица
3445;Слесарный Переулок
3446;Слободской Переулок
3447;Смирновская Улица
3448;Смоленская Набережная
3449;Смоленская Площадь
3450;Смоленская-Сенная Площадь
3451;Смоленская Улица
3452;Смоленский Бульвар
3453;Смольная Улица
3454;Снайперская Улица
3455;Снежная Улица
3456;СНТ Солнечная поляна-3 Территория
3457;Соболевский Проезд
3458;Советская Улица
3459;Советской Армии Улица
3460;Совхозная Улица
3461;Соколиной Горы 5-я Улица
3462;Соколово-Мещерская Улица
3463;Сокольническая Площадь
3464;Сокольническая Слободка Улица
3465;Сокольнический Вал Улица
3466;Сокольнический Павильонный Проезд
3468;Сокольнического Круга Проезд
3469;Солдатская Улица
3470;Солдатский Переулок
3471;Солнечная Улица
3472;Солнечногорская Улица
3473;Солнечногорский Проезд
3474;Солнцевский Проспект
3476;Соловьиная Роща Улица
3477;Соловьиный Проезд
3478;Соломенной Сторожки Проезд
3479;Солянка Улица
3481;Солянский Тупик
3483;Сормовская Улица
3484;Сормовский Проезд
3485;Сорокин Переулок
3486;Сосинская Улица
3487;Сосинский Проезд
3488;Сосновая Аллея
3489;Сосновая Улица
3491;Софьи Ковалевской Улица
3492;Сочинская Улица
3493;Союзный Проспект
3494;Спартаковская Площадь
3495;Спартаковская Улица
3496;Спартаковский Переулок
3498;Спасопесковский Переулок
3499;Спасский Тупик
3500;Сперанского Улица
3501;Спиридоньевский Переулок
3502;Спортивная Улица
3503;Спортивная Улица
3504;Спортивный Проезд
3505;Средний Староданиловский Переулок
3506;Средний Трёхгорный Переулок
3507;Сретенка Улица
3509;Сретенский Бульвар
3510;Сретенский Переулок
3511;Сретенский Тупик
3512;Ставропольская Улица
3513;Ставропольский Проезд
3514;Сталеваров Улица
3515;Стандартная Улица
3516;Станиславского Улица
3517;Станционная Улица
3518;Старая Площадь
3519;Староалексеевская Улица
3521;Старобитцевская Улица
3522;Староваганьковский Переулок
3523;Староватутинский Проезд
3524;Староволынская Улица
3526;Старокалужское Шоссе
3527;Старокачаловская Улица
3528;Старокаширское Шоссе
3529;Старокирочный Переулок
3530;Староконюшенный Переулок
3531;Старокоптевский Переулок
3532;Старолучанская Улица
3534;Старомарьинское Шоссе
3536;Старомонетный Переулок
3537;Старонародная Улица
3538;Староникольская Улица
3539;Староорловская Улица
3540;Старопанский Переулок
3541;Старопетровский Проезд
3542;Старо-Петровско-Разумовский Проезд
3544;Старопотаповская Улица
3545;Старосадский Переулок
3546;Старослободская Улица
3547;Старослободский Переулок
3548;Староспасская Улица
3549;Старофилинская Улица
3550;Стартовая Улица
3551;Старые Кузьминки Улица
3552;Старый Гай Улица
3553;Старый Толмачёвский Переулок
3554;Стасовой Улица
3555;Стахановская Улица
3556;Степана Супруна Улица
3557;Степана Шутова Улица
3559;Столетова Улица
3560;Столешников Переулок
3561;Столовый Переулок
3562;Стольника Потемкина (п Вороновское) Улица
3563;Столярный Переулок
3564;Сторожевая Улица
3565;Страстной Бульвар
3566;Стратонавтов Проезд
3567;Страховская Улица
3568;Стрелецкая Улица
3569;Стрельбищенский Переулок
3570;Стремянный Переулок
3571;Строгановский Проезд
3572;Строгинский Бульвар
3573;Строгинское Шоссе
3575;Строителей Улица
3576;Строительный Проезд
3577;Стройковская Улица
3578;Стройкомбината Проезд
3579;Стромынка Улица
3580;Стромынский Переулок
3581;Студенецкий Переулок
3582;Студенческая Улица
3583;Студеный Проезд
3585;Ступинский Проезд
3586;Суворовская Улица
3587;Суворовский Парк
3588;Судакова Улица
3589;Судостроительная Улица
3591;Суздальская Улица
3593;Сумская Улица
3594;Сумской Проезд
3595;Сурикова Улица
3596;Сурский Проезд
3598;Сухонская Улица
3599;Сущевская Улица
3600;Сущевский Вал Улица
3602;Сходненская Улица
3603;Сходненский Проезд
3604;Сходненский Тупик
3605;Съезжинский Переулок
3607;Сыромятнический Проезд
3608;Сытинский Переулок
3609;Сытинский Тупик
3610;Таганрогская Улица
3611;Таганская Площадь
3612;Таганская Улица
3614;Тагильская Улица
3615;Таежная Улица
3616;Таймырская Улица
3617;Тайнинская Улица
3618;Талалихина Улица
3619;Талалихина Улица
3620;Талдомская Улица
3621;Таллинская Улица
3622;Таманская Улица
3623;Тамбовская Улица
3624;Таможенный Проезд
3625;Танковый Проезд
3626;Тараса Шевченко Набережная
3627;Тарный Проезд
3628;Тарусская Улица
3629;Тарутинская Улица
3630;Тарханская Улица
3631;Татарская Улица
3632;Татищева Улица
3634;Татьяны Макаровой Улица
3635;Ташкентская Улица
3636;Ташкентский Переулок
3637;Твардовского Улица
3639;Тверская Улица
3640;Тверской Бульвар
3642;Театральная Аллея
3643;Театральный Проезд
3644;Тенистый Проезд
3645;Тепличный Переулок
3646;Теплостанский Проезд
3647;Теплый Стан Улица
3648;Терешково Улица
3650;Тессинский Переулок
3651;Тестовская Улица
3652;Тетеринский Переулок
3653;Технический Переулок
3654;Тимирязевский Проезд
3655;Тимура Фрунзе Улица
3656;Тимуровская Улица
3657;Типографская Улица
3660;Тихая Улица
3661;Тихвинская Улица
3662;Тихвинский Переулок
3663;Тихий Тупик
3664;Тихомирова Улица
3665;Тихорецкий Бульвар
3666;Тишинская Площадь
3667;Тишинский Ср. Переулок
3668;Ткацкая Улица
3670;Товарищеская Улица
3671;Товарищеский Переулок
3672;Токарная Улица
3673;Токмаков Переулок
3675;Толбухина Улица
3676;Тополевая Аллея
3677;Торговая Улица
3680;Трехгорный Вал Улица
3681;Трехпрудный Переулок
3682;Трикотажный Проезд
3683;Тринити-Сад Территория СНТ
3684;Трифоновская Улица
3685;Трифоновский Тупик
3687;Троилинский Переулок
3689;Троицкая Улица
3690;Троицкий 1-й Переулок
3691;Тропаревская Улица
3692;Трофимова Улица
3694;Трубецкая Улица
3695;Трубецкой Переулок
3696;Трубная Площадь
3697;Трубная Улица
3698;Трубниковский Переулок
3699;Трудовая Аллея
3700;Трудовая Улица
3702;Тупиковая Улица
3704;Тургеневская Площадь
3705;Туристская Улица
3706;Туркменский Проезд
3707;Турчанинов Переулок
3708;Тучковская Улица
3710;Тушинская Улица
3711;Тюльпанная Улица
3712;Тюменская Улица
3713;Тюменский Проезд
3714;Тюрина Улица
3716;Тюфелева Роща Улица
3717;Уваровский Переулок
3718;Угличская Улица
3719;Угловой Переулок
3720;Угрешская Улица
3721;Удальцова Улица
3724;Украинский Бульвар
3725;Уланский Переулок
3726;Улица Черняховского улица
3727;Улофа Пальме Улица
3729;Университетский Проспект
3730;Упорный Переулок
3731;Уральская Улица
3732;Уржумская Улица
3733;Усачева Улица
3736;Усиевича Улица
3737;Успенский Переулок
3738;Уссурийская Улица
3740;Устьинский Проезд
3741;Уткина Улица
3742;Утренняя Улица
3743;Ухтомская Улица
3744;Ухтомский Переулок
3745;Ухтомского Ополчения Улица
3746;Учебный Переулок
3747;Учинская Улица
3748;Ушаковский 2-й Переулок
3749;Фабрициуса Улица
3750;Фабричная Улица
3752;Фадеева Улица
3753;Факультетский Переулок
3755;Фармацевтический Проезд
3756;Федеративный Проспект
3758;Федора Полетаева Улица
3759;Федорова Улица
3760;Федоскинская Улица
3761;Федосьино Аллея
3763;Феодосийская Улица
3764;Ферганская Улица
3765;Ферганский Проезд
3766;Ферсмана Улица
3767;Фестивальная Улица
3768;Фигурный Переулок
3770;Физкультурный Проезд
3772;Филевский Бульвар
3773;Флотская Улица
3774;Фомичевой Улица
3775;Фонвизина Улица
3776;Фортунатовская Улица
3778;Фрезер Платформа
3779;Фрезер Проезд
3780;Фрезер Шоссе
3781;Фридриха Энгельса Улица
3782;Фролов Переулок
3783;Фруктовая Улица
3784;Фрунзенская Набережная
3785;Фрунзенский Вал Улица
3786;Фрязевская Улица
3787;Фуркасовский Переулок
3788;Фурманный Переулок
3789;Футбольная (п Десеновское) Улица
3790;Хабаровская Улица
3791;Хавская Улица
3792;Халтуринская Улица
3794;Харьковская Улица
3795;Харьковский Проезд
3796;Хачатуряна Улица
3797;Хвалынский Бульвар
3799;Херсонская Улица
3800;Хибинский Проезд
3801;Химкинский Бульвар
3802;Хлебников Переулок
3803;Хлебный Переулок
3805;Хлебозаводский Проезд
3806;Хлобыстова Улица
3807;Хлыновский Тупик
3808;Хованская Улица
3809;Ховрино Станция
3810;Ходынская Улица
3811;Ходынский Бульвар
3812;Холмогорская Улица
3813;Холодильный Переулок
3814;Хомутовский Тупик
3816;Хоромный Тупик
3817;Хорошевский Тупик
3818;Хорошевское Шоссе
3821;Хохловский Переулок
3823;Хромова Улица
3825;Хрущевский Переулок
3826;Хуторская 2-я Улица
3827;Цандера Улица
3829;Царицынский Переулок
3830;Цветной Бульвар
3832;Цветочный Проезд
3834;Центральная Улица
3835;Центральный Хорошевского Серебряного Бор Проезд
3836;Центросоюзный Переулок
3838;Цимлянская Улица
3839;Циолковского Улица
3840;Цюрупы Улица
3841;Чапаевский Переулок
3842;Чаплыгина Улица
3843;Чароитовая (п Десеновское) Улица
3844;Часовая Улица
3845;Чебоксарская Улица
3846;Челобитьевское Шоссе
3847;Челюскинская Улица
3848;Челябинская Улица
3849;Черемушкинский Проезд
3850;Черепановых Проезд
3851;Черепковская 3-я Улица
3852;Череповецкая Улица
3853;Черкизовская Б. Улица
3854;Чермянская Улица
3855;Чермянский Проезд
3857;Черниговский Переулок
3858;Черницынский Проезд
3859;Черногрязская 2-я Улица
3860;Черное Озеро Улица
3861;Черноморский Бульвар
3862;Чернышевского Переулок
3863;Черского Проезд
3865;Чертановская Улица
3866;Чесменская Улица
3869;Чечерский Проезд
3870;Чечулина Улица
3871;Чешихинский Проезд
3873;Чистова Улица
3874;Чистопольская Улица
3875;Чистопрудный Бульвар
3876;Чичерина Улица
3877;Чкалова (дп им Ларина) Улица
3878;Чкалова Улица
3879;Чоботовская Улица
3880;Чоботовский Проезд
3881;Чонгарский Бульвар
3882;Чугунные Ворота Улица
3883;Чукотский Проезд
3884;Чуксин Тупик
3886;Чусовская Улица
3887;Шаболовка Улица
3888;Шарикоподшипниковская Улица
3890;Шатурская Улица
3891;Шведский Тупик
3892;Шверника Улица
3894;Шебашевский Проезд
3895;Шекспира (п Московский) Улица
3896;Шелапутинский Переулок
3897;Шелепихинская Набережная
3898;Шелепихинский Тупик
3899;Шелепихинское Шоссе
3901;Шенкурский Проезд
3902;Шеногина Улица
3903;Шепелюгинская Улица
3904;Шепелюгинский Переулок
3905;Шереметьевская Улица
3906;Шереметьевское Шоссе
3907;Шипиловская Улица
3908;Шипиловский Проезд
3909;Широкая Улица
3911;Ширшова Улица
3913;Шитова Набережная
3914;Шишкина Улица
3915;Школьная Улица
3916;Шкулева Улица
3917;Шлюзовая Набережная
3921;Шмидта Улица
3922;Шмитовский Проезд
3923;Шокальского Проезд
3924;Шолохова Улица
3925;Шоссейная Улица
3927;Штурвальная Улица
3928;Штурманская Улица
3929;Шубинский Переулок
3931;Шумилова Улица
3932;Шумкина Улица
3933;Шухова Улица
3934;Шушенская Улица
3935;Щелковский Проезд
3936;Щелковское Шоссе
3937;Щепкина Улица
3938;Щербаковская Улица
3939;Щербинка Деревня
3941;Щетининский Переулок
3942;Щибровская Улица
3943;Щипок Улица
3944;Щорса Улица
3945;Щукинская Улица
3947;Элеваторная Улица
3949;Электрический Переулок
3950;Электродная Улица
3952;Электродный Проезд
3953;Электрозаводская Улица
3954;Электролитный Проезд
3955;Эльдара Рязанова Улица
3956;Эльдорадовский Переулок
3957;Энергетическая Улица
3958;Энергетический Проезд
3959;Энтузиастов 1-я Улица
3960;Энтузиастов Бульвар
3961;Энтузиастов Проезд
3962;Энтузиастов Шоссе
3964;Юго-Запада 38-й Квартал
3965;Югорский Проезд
3966;Южнобутовская Улица
3967;Южнопортовая Улица
3968;Южный Проезд
3969;Юлиана Семёнова Улица
3970;Юлиуса Фучика Улица
3971;Юннатов Улица
3972;Юности Улица
3973;Юных Ленинцев Улица
3974;Юпитерская (п Десеновское) Улица
3976;Юрловский Проезд
3977;Юровская Улица
3978;Юрьевская Улица
3979;Юрьевский Переулок
3981;Яблочкова Улица
3982;Ягодная Улица
3983;Языковский Переулок
3984;Якиманская Набережная
3985;Якиманский Переулок
3988;Якорная Улица
3989;Якушкина Проезд
3990;Ялтинская Улица
3991;Яна Райниса Бульвар
3992;Янтарный Проезд
3993;Ярославская Улица
3994;Ярославское Шоссе
3995;Ярцевская Улица
3996;Ясеневая Улица
3997;Ясногорская Улица
3998;Яснополянская Улица
3999;Ясный Проезд
4001;Яузская Аллея
4002;Яузская Улица
4004;Яузский Бульвар
4005;Яхромская Улица
